2026-06-07 21:20:35 info: Congratulations, your extension "Embold" is now active!
2026-06-07 21:20:35 info: ************* init ****************
2026-06-07 21:20:35 info: tempDirectory : c:\Users\Acer\.vscode\extensions\embold-vscode.embold-0.3.8\temp
2026-06-07 21:20:43 info: Extraction complete for source: c:\Users\Acer\.vscode\extensions\embold-vscode.embold-0.3.8\resources\embold-scanner-archive.zip, destination: c:\Users\Acer\.vscode\extensions\embold-vscode.embold-0.3.8\temp
2026-06-07 21:20:43 info: Extension installed on machine OS : win32
2026-06-07 21:20:43 info: Loading issues from local database on startup (checkbox unchecked)
2026-06-07 21:20:43 info: Using emboldDBDir: d:\Documents\Lesya\Rolling Scopes\summer_bootcamp_2026\shelter\shelter\.embold
2026-06-07 21:20:43 info: NO_PROXY set from VS Code http.noProxy: 
2026-06-07 21:20:43 info: NODE_TLS_REJECT_UNAUTHORIZED not set (SSL verification enabled)
2026-06-07 21:20:43 info: Using system certificates for SSL verification
2026-06-07 21:20:43 info: [STARTUP] Processing 0 total issues from database
2026-06-07 21:20:43 info: [STARTUP] Issues sorted by file path
2026-06-07 21:20:43 info: [STARTUP] Complete - Processed: 0, Skipped: 0
2026-06-07 21:20:43 info: Fetched the issues from DB
2026-06-07 21:20:44 info: Java version installed on machine : 
java version "25.0.2" 2026-01-20 LTS
Java(TM) SE Runtime Environment (build 25.0.2+10-LTS-69)
Java HotSpot(TM) 64-Bit Server VM (build 25.0.2+10-LTS-69, mixed mode, sharing)

2026-06-07 21:20:44 info: Java installed on machine.
2026-06-07 21:20:48 info: Embold extension version response:{"hasSupport":false,"version":"0.2.1","changeNotes":"<div> <p>Release Date: 30 Apr, 2025 <br><span>Bug fixes and improvements.</span></p> </div>"}
2026-06-07 21:20:48 info: Current installed embold extension version : 0.3.8
2026-06-07 21:20:48 info: Latest embold extension version on marketplace : 0.2.1
2026-06-07 21:20:48 info: Current extension version: 0.3.8
2026-06-07 21:20:48 info: Stored extension version: 0.3.8
2026-06-07 21:20:48 info: No new installation or upgrade detected. Skipping plugin activation tracking.
2026-06-07 22:36:02 info: Row(s) deleted
2026-06-07 22:36:02 info: Row(s) deleted
2026-06-07 22:36:02 info: Row(s) deleted
2026-06-07 22:36:02 info: Row(s) deleted
2026-06-07 22:36:02 info: Row(s) deleted
2026-06-07 22:36:02 info: Row(s) deleted
2026-06-07 22:36:02 info: Row(s) deleted
2026-06-07 22:36:02 info: Row(s) deleted
2026-06-07 22:36:02 info: Row(s) deleted
2026-06-07 22:36:02 info: Row(s) deleted
2026-06-07 22:36:02 info: Row(s) deleted
2026-06-07 22:36:02 info: Row(s) deleted
2026-06-07 22:36:02 info: Row(s) deleted
2026-06-07 22:36:02 info: Row(s) deleted
2026-06-07 22:36:02 info: Row(s) deleted
2026-06-07 22:36:02 info: Row(s) deleted
2026-06-07 22:36:02 info: Row(s) deleted
2026-06-07 22:36:02 info: Row(s) deleted
2026-06-07 22:36:02 info: Row(s) deleted
2026-06-07 22:36:02 info: Row(s) deleted
2026-06-07 22:36:02 info: Row(s) deleted
2026-06-07 22:36:02 info: Row(s) deleted
2026-06-07 22:36:02 info: Row(s) deleted
2026-06-07 22:36:02 info: Row(s) deleted
2026-06-07 22:36:02 info: Row(s) deleted
2026-06-07 22:36:02 info: Row(s) deleted
2026-06-07 22:36:02 info: Row(s) deleted
2026-06-07 22:36:02 info: Row(s) deleted
2026-06-07 22:36:02 info: Row(s) deleted
2026-06-07 22:36:02 info: Row(s) deleted
2026-06-07 22:36:02 info: Row(s) deleted
2026-06-07 22:36:02 info: Row(s) deleted
2026-06-07 22:36:02 info: Row(s) deleted
2026-06-07 22:36:02 info: Row(s) deleted
2026-06-07 22:36:02 info: Row(s) deleted
2026-06-07 22:36:02 info: Row(s) deleted
2026-06-07 22:36:02 info: Row(s) deleted
2026-06-07 22:36:02 info: Row(s) deleted
2026-06-07 22:36:02 info: Row(s) deleted
2026-06-07 22:36:02 info: Row(s) deleted
2026-06-07 22:36:02 info: Row(s) deleted
2026-06-07 22:36:02 info: Row(s) deleted
2026-06-07 22:36:02 info: Row(s) deleted
2026-06-07 22:36:02 info: Row(s) deleted
2026-06-07 22:36:02 info: Row(s) deleted
2026-06-07 22:36:02 info: Row(s) deleted
2026-06-07 22:36:02 info: Row(s) deleted
2026-06-07 22:36:02 info: Row(s) deleted
2026-06-07 22:36:02 info: Row(s) deleted
2026-06-07 22:36:02 info: Row(s) deleted
2026-06-07 22:36:02 info: Row(s) deleted
2026-06-07 22:36:02 info: Row(s) deleted
2026-06-07 22:36:02 info: Row(s) deleted
2026-06-07 22:36:02 info: Row(s) deleted
2026-06-07 22:36:02 info: Row(s) deleted
2026-06-07 22:36:02 info: Row(s) deleted
2026-06-07 22:36:02 info: Row(s) deleted
2026-06-07 22:36:02 info: Row(s) deleted
2026-06-07 22:36:02 info: Row(s) deleted
2026-06-07 22:36:02 info: Row(s) deleted
2026-06-07 22:36:02 info: Row(s) deleted
2026-06-07 22:36:02 info: Row(s) deleted
2026-06-07 22:36:02 info: Row(s) deleted
2026-06-07 22:36:02 info: Row(s) deleted
2026-06-07 22:36:02 info: Row(s) deleted
2026-06-07 22:36:02 info: Row(s) deleted
2026-06-07 22:36:02 info: Row(s) deleted
2026-06-07 22:36:02 info: Row(s) deleted
2026-06-07 22:36:02 info: Row(s) deleted
2026-06-07 22:36:02 info: Row(s) deleted
2026-06-07 22:36:02 info: Row(s) deleted
2026-06-07 22:36:02 info: Row(s) deleted
2026-06-07 22:36:02 info: Row(s) deleted
2026-06-07 22:36:02 info: Row(s) deleted
2026-06-07 22:36:02 info: Row(s) deleted
2026-06-07 22:36:02 info: Row(s) deleted
2026-06-07 22:36:02 info: Row(s) deleted
2026-06-07 22:36:02 info: Row(s) deleted
2026-06-07 22:36:02 info: Row(s) deleted
2026-06-07 22:36:02 info: Row(s) deleted
2026-06-07 22:36:02 info: Row(s) deleted
2026-06-07 22:36:02 info: Row(s) deleted
2026-06-07 22:36:02 info: Row(s) deleted
2026-06-07 22:36:02 info: Row(s) deleted
2026-06-07 22:36:02 info: Row(s) deleted
2026-06-07 22:36:02 info: Row(s) deleted
2026-06-07 22:36:02 info: Row(s) deleted
2026-06-07 22:36:02 info: Row(s) deleted
2026-06-07 22:36:02 info: Row(s) deleted
2026-06-07 22:36:02 info: Row(s) deleted
2026-06-07 22:36:02 info: Row(s) deleted
2026-06-07 22:36:02 info: Row(s) deleted
2026-06-07 22:36:02 info: Row(s) deleted
2026-06-07 22:36:02 info: Row(s) deleted
2026-06-07 22:36:02 info: Row(s) deleted
2026-06-07 22:36:02 info: Row(s) deleted
2026-06-07 22:36:02 info: Row(s) deleted
2026-06-07 22:36:02 info: Row(s) deleted
2026-06-07 22:36:02 info: Row(s) deleted
2026-06-07 22:36:02 info: Row(s) deleted
2026-06-07 22:36:02 info: Row(s) deleted
2026-06-07 22:36:02 info: Row(s) deleted
2026-06-07 22:36:02 info: Row(s) deleted
2026-06-07 22:36:02 info: Row(s) deleted
2026-06-07 22:36:02 info: Row(s) deleted
2026-06-07 22:36:02 info: Row(s) deleted
2026-06-07 22:36:02 info: Row(s) deleted
2026-06-07 22:36:02 info: Row(s) deleted
2026-06-07 22:36:02 info: Row(s) deleted
2026-06-07 22:36:02 info: Row(s) deleted
2026-06-07 22:36:02 info: Row(s) deleted
2026-06-07 22:36:02 info: Row(s) deleted
2026-06-07 22:36:02 info: Row(s) deleted
2026-06-07 22:36:02 info: Row(s) deleted
2026-06-07 22:36:02 info: Row(s) deleted
2026-06-07 22:36:02 info: Row(s) deleted
2026-06-07 22:36:02 info: Row(s) deleted
2026-06-07 22:36:02 info: Row(s) deleted
2026-06-07 22:36:02 info: Row(s) deleted
2026-06-07 22:36:02 info: Row(s) deleted
2026-06-07 22:36:02 info: Row(s) deleted
2026-06-07 22:36:02 info: Row(s) deleted
2026-06-07 22:36:02 info: Row(s) deleted
2026-06-07 22:36:02 info: Row(s) deleted
2026-06-07 22:36:02 info: Row(s) deleted
2026-06-07 22:36:13 info: Row(s) deleted
2026-06-07 22:36:13 info: Row(s) deleted
2026-06-07 22:36:13 info: Row(s) deleted
2026-06-07 22:36:13 info: Row(s) deleted
2026-06-07 22:36:13 info: Row(s) deleted
2026-06-07 22:36:13 info: Row(s) deleted
2026-06-07 22:36:13 info: Row(s) deleted
2026-06-07 22:36:13 info: Row(s) deleted
2026-06-07 22:36:13 info: Row(s) deleted
2026-06-07 22:36:13 info: Row(s) deleted
2026-06-07 22:36:13 info: Row(s) deleted
2026-06-07 22:36:13 info: Row(s) deleted
2026-06-07 22:36:13 info: Row(s) deleted
2026-06-07 22:36:13 info: Row(s) deleted
2026-06-07 22:36:13 info: Row(s) deleted
2026-06-07 22:36:13 info: Row(s) deleted
2026-06-07 22:36:13 info: Row(s) deleted
2026-06-07 22:36:13 info: Row(s) deleted
2026-06-07 22:36:13 info: Row(s) deleted
2026-06-07 22:36:14 info: Row(s) deleted
2026-06-07 22:36:14 info: Row(s) deleted
2026-06-07 22:36:14 info: Row(s) deleted
2026-06-07 22:36:14 info: Row(s) deleted
2026-06-07 22:36:14 info: Row(s) deleted
2026-06-07 22:36:14 info: Row(s) deleted
2026-06-07 22:36:14 info: Row(s) deleted
2026-06-07 22:36:14 info: Row(s) deleted
2026-06-07 22:36:14 info: Row(s) deleted
2026-06-07 22:36:14 info: Row(s) deleted
2026-06-07 22:36:14 info: Row(s) deleted
2026-06-07 22:36:14 info: Row(s) deleted
2026-06-07 22:36:14 info: Row(s) deleted
2026-06-07 22:36:14 info: Row(s) deleted
2026-06-07 22:36:14 info: Row(s) deleted
2026-06-07 22:36:14 info: Row(s) deleted
2026-06-07 22:36:14 info: Row(s) deleted
2026-06-07 22:36:14 info: Row(s) deleted
2026-06-07 22:36:14 info: Row(s) deleted
2026-06-07 22:36:14 info: Row(s) deleted
2026-06-07 22:36:14 info: Row(s) deleted
2026-06-07 22:36:14 info: Row(s) deleted
2026-06-07 22:36:14 info: Row(s) deleted
2026-06-07 22:36:14 info: Row(s) deleted
2026-06-07 22:36:14 info: Row(s) deleted
2026-06-07 22:36:14 info: Row(s) deleted
2026-06-07 22:36:14 info: Row(s) deleted
2026-06-07 22:36:14 info: Row(s) deleted
2026-06-07 22:36:14 info: Row(s) deleted
2026-06-07 22:36:14 info: Row(s) deleted
2026-06-07 22:36:14 info: Row(s) deleted
2026-06-07 22:36:14 info: Row(s) deleted
2026-06-07 22:36:14 info: Row(s) deleted
2026-06-07 22:36:14 info: Row(s) deleted
2026-06-07 22:36:14 info: Row(s) deleted
2026-06-07 22:36:14 info: Row(s) deleted
2026-06-07 22:36:14 info: Row(s) deleted
2026-06-07 22:36:14 info: Row(s) deleted
2026-06-07 22:36:14 info: Row(s) deleted
2026-06-07 22:36:14 info: Row(s) deleted
2026-06-07 22:36:14 info: Row(s) deleted
2026-06-07 22:36:14 info: Row(s) deleted
2026-06-07 22:36:14 info: Row(s) deleted
2026-06-07 22:36:14 info: Row(s) deleted
2026-06-07 22:36:14 info: Row(s) deleted
2026-06-07 22:36:14 info: Row(s) deleted
2026-06-07 22:36:14 info: Row(s) deleted
2026-06-07 22:36:14 info: Row(s) deleted
2026-06-07 22:36:14 info: Row(s) deleted
2026-06-07 22:36:14 info: Row(s) deleted
2026-06-07 22:36:14 info: Row(s) deleted
2026-06-07 22:36:14 info: Row(s) deleted
2026-06-07 22:36:14 info: Row(s) deleted
2026-06-07 22:36:14 info: Row(s) deleted
2026-06-07 22:36:14 info: Row(s) deleted
2026-06-07 22:36:14 info: Row(s) deleted
2026-06-07 22:36:14 info: Row(s) deleted
2026-06-07 22:36:14 info: Row(s) deleted
2026-06-07 22:36:14 info: Row(s) deleted
2026-06-07 22:36:14 info: Row(s) deleted
2026-06-07 22:36:14 info: Row(s) deleted
2026-06-07 22:36:14 info: Row(s) deleted
2026-06-07 22:36:14 info: Row(s) deleted
2026-06-07 22:36:14 info: Row(s) deleted
2026-06-07 22:36:14 info: Row(s) deleted
2026-06-07 22:36:14 info: Row(s) deleted
2026-06-07 22:36:14 info: Row(s) deleted
2026-06-07 22:36:14 info: Row(s) deleted
2026-06-07 22:36:14 info: Row(s) deleted
2026-06-07 22:36:14 info: Row(s) deleted
2026-06-07 22:36:14 info: Row(s) deleted
2026-06-07 22:36:14 info: Row(s) deleted
2026-06-07 22:36:14 info: Row(s) deleted
2026-06-07 22:36:14 info: Row(s) deleted
2026-06-07 22:36:14 info: Row(s) deleted
2026-06-07 22:36:14 info: Row(s) deleted
2026-06-07 22:36:14 info: Row(s) deleted
2026-06-07 22:36:14 info: Row(s) deleted
2026-06-07 22:36:14 info: Row(s) deleted
2026-06-07 22:36:14 info: Row(s) deleted
2026-06-07 22:36:14 info: Row(s) deleted
2026-06-07 22:36:14 info: Row(s) deleted
2026-06-07 22:36:14 info: Row(s) deleted
2026-06-07 22:36:14 info: Row(s) deleted
2026-06-07 22:36:14 info: Row(s) deleted
2026-06-07 22:36:14 info: Row(s) deleted
2026-06-07 22:36:14 info: Row(s) deleted
2026-06-07 22:36:14 info: Row(s) deleted
2026-06-07 22:36:14 info: Row(s) deleted
2026-06-07 22:36:14 info: Row(s) deleted
2026-06-07 22:36:14 info: Row(s) deleted
2026-06-07 22:36:14 info: Row(s) deleted
2026-06-07 22:36:14 info: Row(s) deleted
2026-06-07 22:36:14 info: Row(s) deleted
2026-06-07 22:36:14 info: Row(s) deleted
2026-06-07 22:36:14 info: Row(s) deleted
2026-06-07 22:36:14 info: Row(s) deleted
2026-06-07 22:36:14 info: Row(s) deleted
2026-06-07 22:36:14 info: Row(s) deleted
2026-06-07 22:36:14 info: Row(s) deleted
2026-06-07 22:36:14 info: Row(s) deleted
2026-06-07 22:36:14 info: Row(s) deleted
2026-06-07 22:36:14 info: Row(s) deleted
2026-06-07 22:36:14 info: Row(s) deleted
2026-06-07 22:36:14 info: Row(s) deleted
2026-06-07 22:36:14 info: Row(s) deleted
2026-06-07 22:36:14 info: Row(s) deleted
2026-06-07 22:36:14 info: Row(s) deleted
2026-06-07 22:36:14 info: Row(s) deleted
2026-06-07 22:36:14 info: Row(s) deleted
2026-06-07 22:36:14 info: Row(s) deleted
2026-06-07 22:36:14 info: Row(s) deleted
2026-06-07 22:36:14 info: Row(s) deleted
2026-06-07 22:36:14 info: Row(s) deleted
2026-06-07 22:36:14 info: Row(s) deleted
2026-06-07 22:36:14 info: Row(s) deleted
2026-06-07 22:36:14 info: Row(s) deleted
2026-06-07 22:36:14 info: Row(s) deleted
2026-06-07 22:36:14 info: Row(s) deleted
2026-06-07 22:36:14 info: Row(s) deleted
2026-06-07 22:36:14 info: Row(s) deleted
2026-06-07 22:36:14 info: Row(s) deleted
2026-06-07 22:36:14 info: Row(s) deleted
2026-06-07 22:36:14 info: Row(s) deleted
2026-06-07 22:36:14 info: Row(s) deleted
2026-06-07 22:36:14 info: Row(s) deleted
2026-06-07 22:36:14 info: Row(s) deleted
2026-06-07 22:36:14 info: Row(s) deleted
2026-06-07 22:36:14 info: Row(s) deleted
2026-06-07 22:36:14 info: Row(s) deleted
2026-06-07 22:36:14 info: Row(s) deleted
2026-06-07 22:36:14 info: Row(s) deleted
2026-06-07 22:36:14 info: Row(s) deleted
2026-06-07 22:36:14 info: Row(s) deleted
2026-06-07 22:36:14 info: Row(s) deleted
2026-06-07 22:36:14 info: Row(s) deleted
2026-06-07 22:36:14 info: Row(s) deleted
2026-06-07 22:36:14 info: Row(s) deleted
2026-06-07 22:36:14 info: Row(s) deleted
2026-06-07 22:36:14 info: Row(s) deleted
2026-06-07 22:36:14 info: Row(s) deleted
2026-06-07 22:36:14 info: Row(s) deleted
2026-06-07 22:36:14 info: Row(s) deleted
2026-06-07 22:36:14 info: Row(s) deleted
2026-06-07 22:36:14 info: Row(s) deleted
2026-06-07 22:36:14 info: Row(s) deleted
2026-06-07 22:36:14 info: Row(s) deleted
2026-06-07 22:36:14 info: Row(s) deleted
2026-06-07 22:36:14 info: Row(s) deleted
2026-06-07 22:36:14 info: Row(s) deleted
2026-06-07 22:36:14 info: Row(s) deleted
2026-06-07 22:36:14 info: Row(s) deleted
2026-06-07 22:36:14 info: Row(s) deleted
2026-06-07 22:36:14 info: Row(s) deleted
2026-06-07 22:36:14 info: Row(s) deleted
2026-06-07 22:36:14 info: Row(s) deleted
2026-06-07 22:36:14 info: Row(s) deleted
2026-06-07 22:36:14 info: Row(s) deleted
2026-06-07 22:36:15 info: Row(s) deleted
2026-06-07 22:36:15 info: Row(s) deleted
2026-06-07 22:36:15 info: Row(s) deleted
2026-06-07 22:36:15 info: Row(s) deleted
2026-06-07 22:36:15 info: Row(s) deleted
2026-06-07 22:36:15 info: Row(s) deleted
2026-06-07 22:36:15 info: Row(s) deleted
2026-06-07 22:36:15 info: Row(s) deleted
2026-06-07 22:36:15 info: Row(s) deleted
2026-06-07 22:36:15 info: Row(s) deleted
2026-06-07 22:36:15 info: Row(s) deleted
2026-06-07 22:36:15 info: Row(s) deleted
2026-06-07 22:36:15 info: Row(s) deleted
2026-06-07 22:36:15 info: Row(s) deleted
2026-06-07 22:36:15 info: Row(s) deleted
2026-06-07 22:36:15 info: Row(s) deleted
2026-06-07 22:36:15 info: Row(s) deleted
2026-06-07 22:36:15 info: Row(s) deleted
2026-06-07 22:36:15 info: Row(s) deleted
2026-06-07 22:36:15 info: Row(s) deleted
2026-06-07 22:36:15 info: Row(s) deleted
2026-06-07 22:36:15 info: Row(s) deleted
2026-06-07 22:36:15 info: Row(s) deleted
2026-06-07 22:36:15 info: Row(s) deleted
2026-06-07 22:36:15 info: Row(s) deleted
2026-06-07 22:36:15 info: Row(s) deleted
2026-06-07 22:36:15 info: Row(s) deleted
2026-06-07 22:36:15 info: Row(s) deleted
2026-06-07 22:36:15 info: Row(s) deleted
2026-06-07 22:36:15 info: Row(s) deleted
2026-06-07 22:36:15 info: Row(s) deleted
2026-06-07 22:36:15 info: Row(s) deleted
2026-06-07 22:36:15 info: Row(s) deleted
2026-06-07 22:36:15 info: Row(s) deleted
2026-06-07 22:36:15 info: Row(s) deleted
2026-06-07 22:36:15 info: Row(s) deleted
2026-06-07 22:36:15 info: Row(s) deleted
2026-06-07 22:36:15 info: Row(s) deleted
2026-06-07 22:36:15 info: Row(s) deleted
2026-06-07 22:36:15 info: Row(s) deleted
2026-06-07 22:36:15 info: Row(s) deleted
2026-06-07 22:36:15 info: Row(s) deleted
2026-06-07 22:36:15 info: Row(s) deleted
2026-06-07 22:36:15 info: Row(s) deleted
2026-06-07 22:36:15 info: Row(s) deleted
2026-06-07 22:36:15 info: Row(s) deleted
2026-06-07 22:36:15 info: Row(s) deleted
2026-06-07 22:36:15 info: Row(s) deleted
2026-06-07 22:36:15 info: Row(s) deleted
2026-06-07 22:36:15 info: Row(s) deleted
2026-06-07 22:36:15 info: Row(s) deleted
2026-06-07 22:36:15 info: Row(s) deleted
2026-06-07 22:36:15 info: Row(s) deleted
2026-06-07 22:36:15 info: Row(s) deleted
2026-06-07 22:36:15 info: Row(s) deleted
2026-06-07 22:36:15 info: Row(s) deleted
2026-06-07 22:36:15 info: Row(s) deleted
2026-06-07 22:36:15 info: Row(s) deleted
2026-06-07 22:36:15 info: Row(s) deleted
2026-06-07 22:36:15 info: Row(s) deleted
2026-06-07 22:36:15 info: Row(s) deleted
2026-06-07 22:36:15 info: Row(s) deleted
2026-06-07 22:36:15 info: Row(s) deleted
2026-06-07 22:36:15 info: Row(s) deleted
2026-06-07 22:36:15 info: Row(s) deleted
2026-06-07 22:36:15 info: Row(s) deleted
2026-06-07 22:36:15 info: Row(s) deleted
2026-06-07 22:36:15 info: Row(s) deleted
2026-06-07 22:36:15 info: Row(s) deleted
2026-06-07 22:36:15 info: Row(s) deleted
2026-06-07 22:36:15 info: Row(s) deleted
2026-06-07 22:36:15 info: Row(s) deleted
2026-06-07 22:36:15 info: Row(s) deleted
2026-06-07 22:36:15 info: Row(s) deleted
2026-06-07 22:36:15 info: Row(s) deleted
2026-06-07 22:36:15 info: Row(s) deleted
2026-06-07 22:36:15 info: Row(s) deleted
2026-06-07 22:36:15 info: Row(s) deleted
2026-06-07 22:36:15 info: Row(s) deleted
2026-06-07 22:36:15 info: Row(s) deleted
2026-06-07 22:36:15 info: Row(s) deleted
2026-06-07 22:36:15 info: Row(s) deleted
2026-06-07 22:36:15 info: Row(s) deleted
2026-06-07 22:36:15 info: Row(s) deleted
2026-06-07 22:36:15 info: Row(s) deleted
2026-06-07 22:36:15 info: Row(s) deleted
2026-06-07 22:36:15 info: Row(s) deleted
2026-06-07 22:36:15 info: Row(s) deleted
2026-06-07 22:36:15 info: Row(s) deleted
2026-06-07 22:36:15 info: Row(s) deleted
2026-06-07 22:36:15 info: Row(s) deleted
2026-06-07 22:36:15 info: Row(s) deleted
2026-06-07 22:36:15 info: Row(s) deleted
2026-06-07 22:36:15 info: Row(s) deleted
2026-06-07 22:36:15 info: Row(s) deleted
2026-06-07 22:36:15 info: Row(s) deleted
2026-06-07 22:36:15 info: Row(s) deleted
2026-06-07 22:36:15 info: Row(s) deleted
2026-06-07 22:36:15 info: Row(s) deleted
2026-06-07 22:36:15 info: Row(s) deleted
2026-06-07 22:36:15 info: Row(s) deleted
2026-06-07 22:36:15 info: Row(s) deleted
2026-06-07 22:36:15 info: Row(s) deleted
2026-06-07 22:36:15 info: Row(s) deleted
2026-06-07 22:36:15 info: Row(s) deleted
2026-06-07 22:36:15 info: Row(s) deleted
2026-06-07 22:36:15 info: Row(s) deleted
2026-06-07 22:36:15 info: Row(s) deleted
2026-06-07 22:36:15 info: Row(s) deleted
2026-06-07 22:36:15 info: Row(s) deleted
2026-06-07 22:36:15 info: Row(s) deleted
2026-06-07 22:36:15 info: Row(s) deleted
2026-06-07 22:36:15 info: Row(s) deleted
2026-06-07 22:36:15 info: Row(s) deleted
2026-06-07 22:36:15 info: Row(s) deleted
2026-06-07 22:36:15 info: Row(s) deleted
2026-06-07 22:36:15 info: Row(s) deleted
2026-06-07 22:36:15 info: Row(s) deleted
2026-06-07 22:36:15 info: Row(s) deleted
2026-06-07 22:36:15 info: Row(s) deleted
2026-06-07 22:36:15 info: Row(s) deleted
2026-06-07 22:36:15 info: Row(s) deleted
2026-06-07 22:36:15 info: Row(s) deleted
2026-06-07 22:36:15 info: Row(s) deleted
2026-06-07 22:36:15 info: Row(s) deleted
2026-06-07 22:36:15 info: Row(s) deleted
2026-06-07 22:36:15 info: Row(s) deleted
2026-06-07 22:36:15 info: Row(s) deleted
2026-06-07 22:36:15 info: Row(s) deleted
2026-06-07 22:36:15 info: Row(s) deleted
2026-06-07 22:36:15 info: Row(s) deleted
2026-06-07 22:36:15 info: Row(s) deleted
2026-06-07 22:36:15 info: Row(s) deleted
2026-06-07 22:36:15 info: Row(s) deleted
2026-06-07 22:36:15 info: Row(s) deleted
2026-06-07 22:36:15 info: Row(s) deleted
2026-06-07 22:36:15 info: Row(s) deleted
2026-06-07 22:36:15 info: Row(s) deleted
2026-06-07 22:36:15 info: Row(s) deleted
2026-06-07 22:36:15 info: Row(s) deleted
2026-06-07 22:36:15 info: Row(s) deleted
2026-06-07 22:36:15 info: Row(s) deleted
2026-06-07 22:36:15 info: Row(s) deleted
2026-06-07 22:36:15 info: Row(s) deleted
2026-06-07 22:36:15 info: Row(s) deleted
2026-06-07 22:36:15 info: Row(s) deleted
2026-06-07 22:36:15 info: Row(s) deleted
2026-06-07 22:36:15 info: Row(s) deleted
2026-06-07 22:36:15 info: Row(s) deleted
2026-06-07 22:36:15 info: Row(s) deleted
2026-06-07 22:36:15 info: Row(s) deleted
2026-06-07 22:36:15 info: Row(s) deleted
2026-06-07 22:36:15 info: Row(s) deleted
2026-06-07 22:36:15 info: Row(s) deleted
2026-06-07 22:36:15 info: Row(s) deleted
2026-06-07 22:36:15 info: Row(s) deleted
2026-06-07 22:36:15 info: Row(s) deleted
2026-06-07 22:36:15 info: Row(s) deleted
2026-06-07 22:36:15 info: Row(s) deleted
2026-06-07 22:36:15 info: Row(s) deleted
2026-06-07 22:36:15 info: Row(s) deleted
2026-06-07 22:36:15 info: Row(s) deleted
2026-06-07 22:36:15 info: Row(s) deleted
2026-06-07 22:36:15 info: Row(s) deleted
2026-06-07 22:36:15 info: Row(s) deleted
2026-06-07 22:36:15 info: Row(s) deleted
2026-06-07 22:36:15 info: Row(s) deleted
2026-06-07 22:36:15 info: Row(s) deleted
2026-06-07 22:36:15 info: Row(s) deleted
2026-06-07 22:36:15 info: Row(s) deleted
2026-06-07 22:36:15 info: Row(s) deleted
2026-06-07 22:36:15 info: Row(s) deleted
2026-06-07 22:36:15 info: Row(s) deleted
2026-06-07 22:36:15 info: Row(s) deleted
2026-06-07 22:36:15 info: Row(s) deleted
2026-06-07 22:36:15 info: Row(s) deleted
2026-06-07 22:36:15 info: Row(s) deleted
2026-06-07 22:36:15 info: Row(s) deleted
2026-06-07 22:36:15 info: Row(s) deleted
2026-06-07 22:36:15 info: Row(s) deleted
2026-06-07 22:36:15 info: Row(s) deleted
2026-06-07 22:36:15 info: Row(s) deleted
2026-06-07 22:36:15 info: Row(s) deleted
2026-06-07 22:36:15 info: Row(s) deleted
2026-06-07 22:36:15 info: Row(s) deleted
2026-06-07 22:36:15 info: Row(s) deleted
2026-06-07 22:36:15 info: Row(s) deleted
2026-06-07 22:36:15 info: Row(s) deleted
2026-06-07 22:36:15 info: Row(s) deleted
2026-06-07 22:36:15 info: Row(s) deleted
2026-06-07 22:36:15 info: Row(s) deleted
2026-06-07 22:36:15 info: Row(s) deleted
2026-06-07 22:36:15 info: Row(s) deleted
2026-06-07 22:36:15 info: Row(s) deleted
2026-06-07 22:36:15 info: Row(s) deleted
2026-06-07 22:36:15 info: Row(s) deleted
2026-06-07 22:36:15 info: Row(s) deleted
2026-06-07 22:36:15 info: Row(s) deleted
2026-06-07 22:36:15 info: Row(s) deleted
2026-06-07 22:36:15 info: Row(s) deleted
2026-06-07 22:36:15 info: Row(s) deleted
2026-06-07 22:36:15 info: Row(s) deleted
2026-06-07 22:36:15 info: Row(s) deleted
2026-06-07 22:36:15 info: Row(s) deleted
2026-06-07 22:36:15 info: Row(s) deleted
2026-06-07 22:36:15 info: Row(s) deleted
2026-06-07 22:36:15 info: Row(s) deleted
2026-06-07 22:36:15 info: Row(s) deleted
2026-06-07 22:36:15 info: Row(s) deleted
2026-06-07 22:36:15 info: Row(s) deleted
2026-06-07 22:36:15 info: Row(s) deleted
2026-06-07 22:36:15 info: Row(s) deleted
2026-06-07 22:36:15 info: Row(s) deleted
2026-06-07 22:36:15 info: Row(s) deleted
2026-06-07 22:36:15 info: Row(s) deleted
2026-06-07 22:36:15 info: Row(s) deleted
2026-06-07 22:36:15 info: Row(s) deleted
2026-06-07 22:36:15 info: Row(s) deleted
2026-06-07 22:36:15 info: Row(s) deleted
2026-06-07 22:36:15 info: Row(s) deleted
2026-06-07 22:36:15 info: Row(s) deleted
2026-06-07 22:36:15 info: Row(s) deleted
2026-06-07 22:36:15 info: Row(s) deleted
2026-06-07 22:36:15 info: Row(s) deleted
2026-06-07 22:36:15 info: Row(s) deleted
2026-06-07 22:36:15 info: Row(s) deleted
2026-06-07 22:36:15 info: Row(s) deleted
2026-06-07 22:36:15 info: Row(s) deleted
2026-06-07 22:36:15 info: Row(s) deleted
2026-06-07 22:36:15 info: Row(s) deleted
2026-06-07 22:36:15 info: Row(s) deleted
2026-06-07 22:36:15 info: Row(s) deleted
2026-06-07 22:36:15 info: Row(s) deleted
2026-06-07 22:36:15 info: Row(s) deleted
2026-06-07 22:36:15 info: Row(s) deleted
2026-06-07 22:36:15 info: Row(s) deleted
2026-06-07 22:36:15 info: Row(s) deleted
2026-06-07 22:36:15 info: Row(s) deleted
2026-06-07 22:36:15 info: Row(s) deleted
2026-06-07 22:36:15 info: Row(s) deleted
2026-06-07 22:36:15 info: Row(s) deleted
2026-06-07 22:36:15 info: Row(s) deleted
2026-06-07 22:36:15 info: Row(s) deleted
2026-06-07 22:36:15 info: Row(s) deleted
2026-06-07 22:36:15 info: Row(s) deleted
2026-06-07 22:36:15 info: Row(s) deleted
2026-06-07 22:36:15 info: Row(s) deleted
2026-06-07 22:36:15 info: Row(s) deleted
2026-06-07 22:36:15 info: Row(s) deleted
2026-06-07 22:36:15 info: Row(s) deleted
2026-06-07 22:36:15 info: Row(s) deleted
2026-06-07 22:36:15 info: Row(s) deleted
2026-06-07 22:36:15 info: Row(s) deleted
2026-06-07 22:36:15 info: Row(s) deleted
2026-06-07 22:36:15 info: Row(s) deleted
2026-06-07 22:36:15 info: Row(s) deleted
2026-06-07 22:36:15 info: Row(s) deleted
2026-06-07 22:36:15 info: Row(s) deleted
2026-06-07 22:36:15 info: Row(s) deleted
2026-06-07 22:36:15 info: Row(s) deleted
2026-06-07 22:36:15 info: Row(s) deleted
2026-06-07 22:36:15 info: Row(s) deleted
2026-06-07 22:36:15 info: Row(s) deleted
2026-06-07 22:36:15 info: Row(s) deleted
2026-06-07 22:36:15 info: Row(s) deleted
2026-06-07 22:36:15 info: Row(s) deleted
2026-06-07 22:36:15 info: Row(s) deleted
2026-06-07 22:36:15 info: Row(s) deleted
2026-06-07 22:36:15 info: Row(s) deleted
2026-06-07 22:36:15 info: Row(s) deleted
2026-06-07 22:36:15 info: Row(s) deleted
2026-06-07 22:36:15 info: Row(s) deleted
2026-06-07 22:36:15 info: Row(s) deleted
2026-06-07 22:36:15 info: Row(s) deleted
2026-06-07 22:36:15 info: Row(s) deleted
2026-06-07 22:36:15 info: Row(s) deleted
2026-06-07 22:36:15 info: Row(s) deleted
2026-06-07 22:36:15 info: Row(s) deleted
2026-06-07 22:36:15 info: Row(s) deleted
2026-06-07 22:36:15 info: Row(s) deleted
2026-06-07 22:36:15 info: Row(s) deleted
2026-06-07 22:36:15 info: Row(s) deleted
2026-06-07 22:36:15 info: Row(s) deleted
2026-06-07 22:36:15 info: Row(s) deleted
2026-06-07 22:36:15 info: Row(s) deleted
2026-06-07 22:36:15 info: Row(s) deleted
2026-06-07 22:36:15 info: Row(s) deleted
2026-06-07 22:36:15 info: Row(s) deleted
2026-06-07 22:36:15 info: Row(s) deleted
2026-06-07 22:36:15 info: Row(s) deleted
2026-06-07 22:36:15 info: Row(s) deleted
2026-06-07 22:36:15 info: Row(s) deleted
2026-06-07 22:36:15 info: Row(s) deleted
2026-06-07 22:36:15 info: Row(s) deleted
2026-06-07 22:36:15 info: Row(s) deleted
2026-06-07 22:36:15 info: Row(s) deleted
2026-06-07 22:36:15 info: Row(s) deleted
2026-06-07 22:36:15 info: Row(s) deleted
2026-06-07 22:36:15 info: Row(s) deleted
2026-06-07 22:36:15 info: Row(s) deleted
2026-06-07 22:36:15 info: Row(s) deleted
2026-06-07 22:36:15 info: Row(s) deleted
2026-06-07 22:36:15 info: Row(s) deleted
2026-06-07 22:36:15 info: Row(s) deleted
2026-06-07 22:36:15 info: Row(s) deleted
2026-06-07 22:36:15 info: Row(s) deleted
2026-06-07 22:36:16 info: Row(s) deleted
2026-06-07 22:36:16 info: Row(s) deleted
2026-06-07 22:36:16 info: Row(s) deleted
2026-06-07 22:36:16 info: Row(s) deleted
2026-06-07 22:36:16 info: Row(s) deleted
2026-06-07 22:36:16 info: Row(s) deleted
2026-06-07 22:36:16 info: Row(s) deleted
2026-06-07 22:36:16 info: Row(s) deleted
2026-06-07 22:36:16 info: Row(s) deleted
2026-06-07 22:36:16 info: Row(s) deleted
2026-06-07 22:36:16 info: Row(s) deleted
2026-06-07 22:36:16 info: Row(s) deleted
2026-06-07 22:36:16 info: Row(s) deleted
2026-06-07 22:36:16 info: Row(s) deleted
2026-06-07 22:36:16 info: Row(s) deleted
2026-06-07 22:36:16 info: Row(s) deleted
2026-06-07 22:36:16 info: Row(s) deleted
2026-06-07 22:36:16 info: Row(s) deleted
2026-06-07 22:36:16 info: Row(s) deleted
2026-06-07 22:36:16 info: Row(s) deleted
2026-06-07 22:36:16 info: Row(s) deleted
2026-06-07 22:36:16 info: Row(s) deleted
2026-06-07 22:36:16 info: Row(s) deleted
2026-06-07 22:36:16 info: Row(s) deleted
2026-06-07 22:36:16 info: Row(s) deleted
2026-06-07 22:36:16 info: Row(s) deleted
2026-06-07 22:36:16 info: Row(s) deleted
2026-06-07 22:36:16 info: Row(s) deleted
2026-06-07 22:36:16 info: Row(s) deleted
2026-06-07 22:36:16 info: Row(s) deleted
2026-06-07 22:36:16 info: Row(s) deleted
2026-06-07 22:36:16 info: Row(s) deleted
2026-06-07 22:36:16 info: Row(s) deleted
2026-06-07 22:36:16 info: Row(s) deleted
2026-06-07 22:36:16 info: Row(s) deleted
2026-06-07 22:36:16 info: Row(s) deleted
2026-06-07 22:36:16 info: Row(s) deleted
2026-06-07 22:36:16 info: Row(s) deleted
2026-06-07 22:36:16 info: Row(s) deleted
2026-06-07 22:36:16 info: Row(s) deleted
2026-06-07 22:36:16 info: Row(s) deleted
2026-06-07 22:36:16 info: Row(s) deleted
2026-06-07 22:36:16 info: Row(s) deleted
2026-06-07 22:36:16 info: Row(s) deleted
2026-06-07 22:36:16 info: Row(s) deleted
2026-06-07 22:36:16 info: Row(s) deleted
2026-06-07 22:36:16 info: Row(s) deleted
2026-06-07 22:36:16 info: Row(s) deleted
2026-06-07 22:36:16 info: Row(s) deleted
2026-06-07 22:36:16 info: Row(s) deleted
2026-06-07 22:36:16 info: Row(s) deleted
2026-06-07 22:36:16 info: Row(s) deleted
2026-06-07 22:36:16 info: Row(s) deleted
2026-06-07 22:36:16 info: Row(s) deleted
2026-06-07 22:36:16 info: Row(s) deleted
2026-06-07 22:36:16 info: Row(s) deleted
2026-06-07 22:36:16 info: Row(s) deleted
2026-06-07 22:36:16 info: Row(s) deleted
2026-06-07 22:36:16 info: Row(s) deleted
2026-06-07 22:36:16 info: Row(s) deleted
2026-06-07 22:36:16 info: Row(s) deleted
2026-06-07 22:36:16 info: Row(s) deleted
2026-06-07 22:36:16 info: Row(s) deleted
2026-06-07 22:36:16 info: Row(s) deleted
2026-06-07 22:36:16 info: Row(s) deleted
2026-06-07 22:36:16 info: Row(s) deleted
2026-06-07 22:36:16 info: Row(s) deleted
2026-06-07 22:36:16 info: Row(s) deleted
2026-06-07 22:36:16 info: Row(s) deleted
2026-06-07 22:36:16 info: Row(s) deleted
2026-06-07 22:36:16 info: Row(s) deleted
2026-06-07 22:36:16 info: Row(s) deleted
2026-06-07 22:36:16 info: Row(s) deleted
2026-06-07 22:36:16 info: Row(s) deleted
2026-06-07 22:36:16 info: Row(s) deleted
2026-06-07 22:36:16 info: Row(s) deleted
2026-06-07 22:36:16 info: Row(s) deleted
2026-06-07 22:36:16 info: Row(s) deleted
2026-06-07 22:36:16 info: Row(s) deleted
2026-06-07 22:36:16 info: Row(s) deleted
2026-06-07 22:36:16 info: Row(s) deleted
2026-06-07 22:36:16 info: Row(s) deleted
2026-06-07 22:36:16 info: Row(s) deleted
2026-06-07 22:36:16 info: Row(s) deleted
2026-06-07 22:36:16 info: Row(s) deleted
2026-06-07 22:36:16 info: Row(s) deleted
2026-06-07 22:36:16 info: Row(s) deleted
2026-06-07 22:36:16 info: Row(s) deleted
2026-06-07 22:36:16 info: Row(s) deleted
2026-06-07 22:36:16 info: Row(s) deleted
2026-06-07 22:36:16 info: Row(s) deleted
2026-06-07 22:36:16 info: Row(s) deleted
2026-06-07 22:36:16 info: Row(s) deleted
2026-06-07 22:36:16 info: Row(s) deleted
2026-06-07 22:36:16 info: Row(s) deleted
2026-06-07 22:36:16 info: Row(s) deleted
2026-06-07 22:36:16 info: Row(s) deleted
2026-06-07 22:36:16 info: Row(s) deleted
2026-06-07 22:36:16 info: Row(s) deleted
2026-06-07 22:36:16 info: Row(s) deleted
2026-06-07 22:36:16 info: Row(s) deleted
2026-06-07 22:36:16 info: Row(s) deleted
2026-06-07 22:36:16 info: Row(s) deleted
2026-06-07 22:36:16 info: Row(s) deleted
2026-06-07 22:36:16 info: Row(s) deleted
2026-06-07 22:36:16 info: Row(s) deleted
2026-06-07 22:36:16 info: Row(s) deleted
2026-06-07 22:36:16 info: Row(s) deleted
2026-06-07 22:36:16 info: Row(s) deleted
2026-06-07 22:36:16 info: Row(s) deleted
2026-06-07 22:36:16 info: Row(s) deleted
2026-06-07 22:36:16 info: Row(s) deleted
2026-06-07 22:36:16 info: Row(s) deleted
2026-06-07 22:36:16 info: Row(s) deleted
2026-06-07 22:36:16 info: Row(s) deleted
2026-06-07 22:36:16 info: Row(s) deleted
2026-06-07 22:36:16 info: Row(s) deleted
2026-06-07 22:36:16 info: Row(s) deleted
2026-06-07 22:36:16 info: Row(s) deleted
2026-06-07 22:36:16 info: Row(s) deleted
2026-06-07 22:36:16 info: Row(s) deleted
2026-06-07 22:36:16 info: Row(s) deleted
2026-06-07 22:36:16 info: Row(s) deleted
2026-06-07 22:36:16 info: Row(s) deleted
2026-06-07 22:36:16 info: Row(s) deleted
2026-06-07 22:36:16 info: Row(s) deleted
2026-06-07 22:36:16 info: Row(s) deleted
2026-06-07 22:36:16 info: Row(s) deleted
2026-06-07 22:36:16 info: Row(s) deleted
2026-06-07 22:36:16 info: Row(s) deleted
2026-06-07 22:36:16 info: Row(s) deleted
2026-06-07 22:36:16 info: Row(s) deleted
2026-06-07 22:36:16 info: Row(s) deleted
2026-06-07 22:36:16 info: Row(s) deleted
2026-06-07 22:36:16 info: Row(s) deleted
2026-06-07 22:36:16 info: Row(s) deleted
2026-06-07 22:36:16 info: Row(s) deleted
2026-06-07 22:36:16 info: Row(s) deleted
2026-06-07 22:36:16 info: Row(s) deleted
2026-06-07 22:36:16 info: Row(s) deleted
2026-06-07 22:36:16 info: Row(s) deleted
2026-06-07 22:36:16 info: Row(s) deleted
2026-06-07 22:36:16 info: Row(s) deleted
2026-06-07 22:36:16 info: Row(s) deleted
2026-06-07 22:36:16 info: Row(s) deleted
2026-06-07 22:36:16 info: Row(s) deleted
2026-06-07 22:36:16 info: Row(s) deleted
2026-06-07 22:36:16 info: Row(s) deleted
2026-06-07 22:36:16 info: Row(s) deleted
2026-06-07 22:36:16 info: Row(s) deleted
2026-06-07 22:36:16 info: Row(s) deleted
2026-06-07 22:36:16 info: Row(s) deleted
2026-06-07 22:36:16 info: Row(s) deleted
2026-06-07 22:36:16 info: Row(s) deleted
2026-06-07 22:36:16 info: Row(s) deleted
2026-06-07 22:36:16 info: Row(s) deleted
2026-06-07 22:36:16 info: Row(s) deleted
2026-06-07 22:36:16 info: Row(s) deleted
2026-06-07 22:36:16 info: Row(s) deleted
2026-06-07 22:36:16 info: Row(s) deleted
2026-06-07 22:36:16 info: Row(s) deleted
2026-06-07 22:36:16 info: Row(s) deleted
2026-06-07 22:36:16 info: Row(s) deleted
2026-06-07 22:36:16 info: Row(s) deleted
2026-06-07 22:36:16 info: Row(s) deleted
2026-06-07 22:36:16 info: Row(s) deleted
2026-06-07 22:36:16 info: Row(s) deleted
2026-06-07 22:36:16 info: Row(s) deleted
2026-06-07 22:36:16 info: Row(s) deleted
2026-06-07 22:36:16 info: Row(s) deleted
2026-06-07 22:36:16 info: Row(s) deleted
2026-06-07 22:36:16 info: Row(s) deleted
2026-06-07 22:36:16 info: Row(s) deleted
2026-06-07 22:36:16 info: Row(s) deleted
2026-06-07 22:36:16 info: Row(s) deleted
2026-06-07 22:36:16 info: Row(s) deleted
2026-06-07 22:36:16 info: Row(s) deleted
2026-06-07 22:36:16 info: Row(s) deleted
2026-06-07 22:36:16 info: Row(s) deleted
2026-06-07 22:36:16 info: Row(s) deleted
2026-06-07 22:36:16 info: Row(s) deleted
2026-06-07 22:36:16 info: Row(s) deleted
2026-06-07 22:36:16 info: Row(s) deleted
2026-06-07 22:36:16 info: Row(s) deleted
2026-06-07 22:36:16 info: Row(s) deleted
2026-06-07 22:36:16 info: Row(s) deleted
2026-06-07 22:36:16 info: Row(s) deleted
2026-06-07 22:36:16 info: Row(s) deleted
2026-06-07 22:36:16 info: Row(s) deleted
2026-06-07 22:36:16 info: Row(s) deleted
2026-06-07 22:36:16 info: Row(s) deleted
2026-06-07 22:36:16 info: Row(s) deleted
2026-06-07 22:36:16 info: Row(s) deleted
2026-06-07 22:36:16 info: Row(s) deleted
2026-06-07 22:36:16 info: Row(s) deleted
2026-06-07 22:36:16 info: Row(s) deleted
2026-06-07 22:36:16 info: Row(s) deleted
2026-06-07 22:36:16 info: Row(s) deleted
2026-06-07 22:36:16 info: Row(s) deleted
2026-06-07 22:36:16 info: Row(s) deleted
2026-06-07 22:36:16 info: Row(s) deleted
2026-06-07 22:36:16 info: Row(s) deleted
2026-06-07 22:36:16 info: Row(s) deleted
2026-06-07 22:36:16 info: Row(s) deleted
2026-06-07 22:36:16 info: Row(s) deleted
2026-06-07 22:36:16 info: Row(s) deleted
2026-06-07 22:36:16 info: Row(s) deleted
2026-06-07 22:36:16 info: Row(s) deleted
2026-06-07 22:36:16 info: Row(s) deleted
2026-06-07 22:36:16 info: Row(s) deleted
2026-06-07 22:36:16 info: Row(s) deleted
2026-06-07 22:36:16 info: Row(s) deleted
2026-06-07 22:36:16 info: Row(s) deleted
2026-06-07 22:36:16 info: Row(s) deleted
2026-06-07 22:36:16 info: Row(s) deleted
2026-06-07 22:36:16 info: Row(s) deleted
2026-06-07 22:36:16 info: Row(s) deleted
2026-06-07 22:36:16 info: Row(s) deleted
2026-06-07 22:36:16 info: Row(s) deleted
2026-06-07 22:36:16 info: Row(s) deleted
2026-06-07 22:36:16 info: Row(s) deleted
2026-06-07 22:36:16 info: Row(s) deleted
2026-06-07 22:36:16 info: Row(s) deleted
2026-06-07 22:36:16 info: Row(s) deleted
2026-06-07 22:36:16 info: Row(s) deleted
2026-06-07 22:36:16 info: Row(s) deleted
2026-06-07 22:36:16 info: Row(s) deleted
2026-06-07 22:36:16 info: Row(s) deleted
2026-06-07 22:36:16 info: Row(s) deleted
2026-06-07 22:36:16 info: Row(s) deleted
2026-06-07 22:36:16 info: Row(s) deleted
2026-06-07 22:36:16 info: Row(s) deleted
2026-06-07 22:36:16 info: Row(s) deleted
2026-06-07 22:36:16 info: Row(s) deleted
2026-06-07 22:36:16 info: Row(s) deleted
2026-06-07 22:36:16 info: Row(s) deleted
2026-06-07 22:36:16 info: Row(s) deleted
2026-06-07 22:36:16 info: Row(s) deleted
2026-06-07 22:36:16 info: Row(s) deleted
2026-06-07 22:36:16 info: Row(s) deleted
2026-06-07 22:36:16 info: Row(s) deleted
2026-06-07 22:36:16 info: Row(s) deleted
2026-06-07 22:36:16 info: Row(s) deleted
2026-06-07 22:36:16 info: Row(s) deleted
2026-06-07 22:36:16 info: Row(s) deleted
2026-06-07 22:36:16 info: Row(s) deleted
2026-06-07 22:36:16 info: Row(s) deleted
2026-06-07 22:36:16 info: Row(s) deleted
2026-06-07 22:36:16 info: Row(s) deleted
2026-06-07 22:36:16 info: Row(s) deleted
2026-06-07 22:36:16 info: Row(s) deleted
2026-06-07 22:36:16 info: Row(s) deleted
2026-06-07 22:36:16 info: Row(s) deleted
2026-06-07 22:36:16 info: Row(s) deleted
2026-06-07 22:36:16 info: Row(s) deleted
2026-06-07 22:36:16 info: Row(s) deleted
2026-06-07 22:36:16 info: Row(s) deleted
2026-06-07 22:36:16 info: Row(s) deleted
2026-06-07 22:36:16 info: Row(s) deleted
2026-06-07 22:36:16 info: Row(s) deleted
2026-06-07 22:36:16 info: Row(s) deleted
2026-06-07 22:36:16 info: Row(s) deleted
2026-06-07 22:36:16 info: Row(s) deleted
2026-06-07 22:36:16 info: Row(s) deleted
2026-06-07 22:36:16 info: Row(s) deleted
2026-06-07 22:36:16 info: Row(s) deleted
2026-06-07 22:36:16 info: Row(s) deleted
2026-06-07 22:36:16 info: Row(s) deleted
2026-06-07 22:36:16 info: Row(s) deleted
2026-06-07 22:36:16 info: Row(s) deleted
2026-06-07 22:36:16 info: Row(s) deleted
2026-06-07 22:36:16 info: Row(s) deleted
2026-06-07 22:36:16 info: Row(s) deleted
2026-06-07 22:36:16 info: Row(s) deleted
2026-06-07 22:36:16 info: Row(s) deleted
2026-06-07 22:36:16 info: Row(s) deleted
2026-06-07 22:36:16 info: Row(s) deleted
2026-06-07 22:36:16 info: Row(s) deleted
2026-06-07 22:36:16 info: Row(s) deleted
2026-06-07 22:36:16 info: Row(s) deleted
2026-06-07 22:36:16 info: Row(s) deleted
2026-06-07 22:36:16 info: Row(s) deleted
2026-06-07 22:36:16 info: Row(s) deleted
2026-06-07 22:36:16 info: Row(s) deleted
2026-06-07 22:36:16 info: Row(s) deleted
2026-06-07 22:36:16 info: Row(s) deleted
2026-06-07 22:36:16 info: Row(s) deleted
2026-06-07 22:36:16 info: Row(s) deleted
2026-06-07 22:36:16 info: Row(s) deleted
2026-06-07 22:36:16 info: Row(s) deleted
2026-06-07 22:36:16 info: Row(s) deleted
2026-06-07 22:36:16 info: Row(s) deleted
2026-06-07 22:36:16 info: Row(s) deleted
2026-06-07 22:36:16 info: Row(s) deleted
2026-06-07 22:36:16 info: Row(s) deleted
2026-06-07 22:36:16 info: Row(s) deleted
2026-06-07 22:36:16 info: Row(s) deleted
2026-06-07 22:36:16 info: Row(s) deleted
2026-06-07 22:36:16 info: Row(s) deleted
2026-06-07 22:36:16 info: Row(s) deleted
2026-06-07 22:36:16 info: Row(s) deleted
2026-06-07 22:36:16 info: Row(s) deleted
2026-06-07 22:36:16 info: Row(s) deleted
2026-06-07 22:36:16 info: Row(s) deleted
2026-06-07 22:36:16 info: Row(s) deleted
2026-06-07 22:36:16 info: Row(s) deleted
2026-06-07 22:36:16 info: Row(s) deleted
2026-06-07 22:36:16 info: Row(s) deleted
2026-06-07 22:36:16 info: Row(s) deleted
2026-06-07 22:36:16 info: Row(s) deleted
2026-06-07 22:36:16 info: Row(s) deleted
2026-06-07 22:36:16 info: Row(s) deleted
2026-06-07 22:36:16 info: Row(s) deleted
2026-06-07 22:36:16 info: Row(s) deleted
2026-06-07 22:36:16 info: Row(s) deleted
2026-06-07 22:36:16 info: Row(s) deleted
2026-06-07 22:36:16 info: Row(s) deleted
2026-06-07 22:36:16 info: Row(s) deleted
2026-06-07 22:36:16 info: Row(s) deleted
2026-06-07 22:36:16 info: Row(s) deleted
2026-06-07 22:36:16 info: Row(s) deleted
2026-06-07 22:36:16 info: Row(s) deleted
2026-06-07 22:36:16 info: Row(s) deleted
2026-06-07 22:36:16 info: Row(s) deleted
2026-06-07 22:36:16 info: Row(s) deleted
2026-06-07 22:36:16 info: Row(s) deleted
2026-06-07 22:36:16 info: Row(s) deleted
2026-06-07 22:36:16 info: Row(s) deleted
2026-06-07 22:36:16 info: Row(s) deleted
2026-06-07 22:36:16 info: Row(s) deleted
2026-06-07 22:36:16 info: Row(s) deleted
2026-06-07 22:36:16 info: Row(s) deleted
2026-06-07 22:36:16 info: Row(s) deleted
2026-06-07 22:36:16 info: Row(s) deleted
2026-06-07 22:36:16 info: Row(s) deleted
2026-06-07 22:36:16 info: Row(s) deleted
2026-06-07 22:36:16 info: Row(s) deleted
2026-06-07 22:36:16 info: Row(s) deleted
2026-06-07 22:36:16 info: Row(s) deleted
2026-06-07 22:36:16 info: Row(s) deleted
2026-06-07 22:36:16 info: Row(s) deleted
2026-06-07 22:36:16 info: Row(s) deleted
2026-06-07 22:36:16 info: Row(s) deleted
2026-06-07 22:36:16 info: Row(s) deleted
2026-06-07 22:36:16 info: Row(s) deleted
2026-06-07 22:36:16 info: Row(s) deleted
2026-06-07 22:36:16 info: Row(s) deleted
2026-06-07 22:36:16 info: Row(s) deleted
2026-06-07 22:36:16 info: Row(s) deleted
2026-06-07 22:36:16 info: Row(s) deleted
2026-06-07 22:36:16 info: Row(s) deleted
2026-06-07 22:36:16 info: Row(s) deleted
2026-06-07 22:36:16 info: Row(s) deleted
2026-06-07 22:36:16 info: Row(s) deleted
2026-06-07 22:36:16 info: Row(s) deleted
2026-06-07 22:36:16 info: Row(s) deleted
2026-06-07 22:36:16 info: Row(s) deleted
2026-06-07 22:36:16 info: Row(s) deleted
2026-06-07 22:36:16 info: Row(s) deleted
2026-06-07 22:36:16 info: Row(s) deleted
2026-06-07 22:36:16 info: Row(s) deleted
2026-06-07 22:36:16 info: Row(s) deleted
2026-06-07 22:36:16 info: Row(s) deleted
2026-06-07 22:36:16 info: Row(s) deleted
2026-06-07 22:36:16 info: Row(s) deleted
2026-06-07 22:36:16 info: Row(s) deleted
2026-06-07 22:36:16 info: Row(s) deleted
2026-06-07 22:36:16 info: Row(s) deleted
2026-06-07 22:36:16 info: Row(s) deleted
2026-06-07 22:36:16 info: Row(s) deleted
2026-06-07 22:36:16 info: Row(s) deleted
2026-06-07 22:36:16 info: Row(s) deleted
2026-06-07 22:36:16 info: Row(s) deleted
2026-06-07 22:36:16 info: Row(s) deleted
2026-06-07 22:36:16 info: Row(s) deleted
2026-06-07 22:36:16 info: Row(s) deleted
2026-06-07 22:36:16 info: Row(s) deleted
2026-06-07 22:36:16 info: Row(s) deleted
2026-06-07 22:36:16 info: Row(s) deleted
2026-06-07 22:36:16 info: Row(s) deleted
2026-06-07 22:36:16 info: Row(s) deleted
2026-06-07 22:36:16 info: Row(s) deleted
2026-06-07 22:36:16 info: Row(s) deleted
2026-06-07 22:36:16 info: Row(s) deleted
2026-06-07 22:36:16 info: Row(s) deleted
2026-06-07 22:36:16 info: Row(s) deleted
2026-06-07 22:36:16 info: Row(s) deleted
2026-06-07 22:36:16 info: Row(s) deleted
2026-06-07 22:36:16 info: Row(s) deleted
2026-06-07 22:36:16 info: Row(s) deleted
2026-06-07 22:36:16 info: Row(s) deleted
2026-06-07 22:36:16 info: Row(s) deleted
2026-06-07 22:36:16 info: Row(s) deleted
2026-06-07 22:36:16 info: Row(s) deleted
2026-06-07 22:36:16 info: Row(s) deleted
2026-06-07 22:36:16 info: Row(s) deleted
2026-06-07 22:36:16 info: Row(s) deleted
2026-06-07 22:36:16 info: Row(s) deleted
2026-06-07 22:36:16 info: Row(s) deleted
2026-06-07 22:36:16 info: Row(s) deleted
2026-06-07 22:36:16 info: Row(s) deleted
2026-06-07 22:36:16 info: Row(s) deleted
2026-06-07 22:36:16 info: Row(s) deleted
2026-06-07 22:36:16 info: Row(s) deleted
2026-06-07 22:36:16 info: Row(s) deleted
2026-06-07 22:36:16 info: Row(s) deleted
2026-06-07 22:36:16 info: Row(s) deleted
2026-06-07 22:36:16 info: Row(s) deleted
2026-06-07 22:36:16 info: Row(s) deleted
2026-06-07 22:36:16 info: Row(s) deleted
2026-06-07 22:36:16 info: Row(s) deleted
2026-06-07 22:36:16 info: Row(s) deleted
2026-06-07 22:36:16 info: Row(s) deleted
2026-06-07 22:36:16 info: Row(s) deleted
2026-06-07 22:36:16 info: Row(s) deleted
2026-06-07 22:36:16 info: Row(s) deleted
2026-06-07 22:36:16 info: Row(s) deleted
2026-06-07 22:36:16 info: Row(s) deleted
2026-06-07 22:36:16 info: Row(s) deleted
2026-06-07 22:36:16 info: Row(s) deleted
2026-06-07 22:36:16 info: Row(s) deleted
2026-06-07 22:36:16 info: Row(s) deleted
2026-06-07 22:36:16 info: Row(s) deleted
2026-06-07 22:36:16 info: Row(s) deleted
2026-06-07 22:36:16 info: Row(s) deleted
2026-06-07 22:36:16 info: Row(s) deleted
2026-06-07 22:36:16 info: Row(s) deleted
2026-06-07 22:36:16 info: Row(s) deleted
2026-06-07 22:36:16 info: Row(s) deleted
2026-06-07 22:36:16 info: Row(s) deleted
2026-06-07 22:36:16 info: Row(s) deleted
2026-06-07 22:36:16 info: Row(s) deleted
2026-06-07 22:36:16 info: Row(s) deleted
2026-06-07 22:36:16 info: Row(s) deleted
2026-06-07 22:36:16 info: Row(s) deleted
2026-06-07 22:36:16 info: Row(s) deleted
2026-06-07 22:36:16 info: Row(s) deleted
2026-06-07 22:36:16 info: Row(s) deleted
2026-06-07 22:36:16 info: Row(s) deleted
2026-06-07 22:36:16 info: Row(s) deleted
2026-06-07 22:36:16 info: Row(s) deleted
2026-06-07 22:36:16 info: Row(s) deleted
2026-06-07 22:36:16 info: Row(s) deleted
2026-06-07 22:36:16 info: Row(s) deleted
2026-06-07 22:36:16 info: Row(s) deleted
2026-06-07 22:36:16 info: Row(s) deleted
2026-06-07 22:36:16 info: Row(s) deleted
2026-06-07 22:36:16 info: Row(s) deleted
2026-06-07 22:36:16 info: Row(s) deleted
2026-06-07 22:36:16 info: Row(s) deleted
2026-06-07 22:36:16 info: Row(s) deleted
2026-06-07 22:36:16 info: Row(s) deleted
2026-06-07 22:36:16 info: Row(s) deleted
2026-06-07 22:36:16 info: Row(s) deleted
2026-06-07 22:36:16 info: Row(s) deleted
2026-06-07 22:36:16 info: Row(s) deleted
2026-06-07 22:36:16 info: Row(s) deleted
2026-06-07 22:36:16 info: Row(s) deleted
2026-06-07 22:36:16 info: Row(s) deleted
2026-06-07 22:36:16 info: Row(s) deleted
2026-06-07 22:36:16 info: Row(s) deleted
2026-06-07 22:36:16 info: Row(s) deleted
2026-06-07 22:36:16 info: Row(s) deleted
2026-06-07 22:36:16 info: Row(s) deleted
2026-06-07 22:36:16 info: Row(s) deleted
2026-06-07 22:36:16 info: Row(s) deleted
2026-06-07 22:36:16 info: Row(s) deleted
2026-06-07 22:36:16 info: Row(s) deleted
2026-06-07 22:36:16 info: Row(s) deleted
2026-06-07 22:36:17 info: Row(s) deleted
2026-06-07 22:36:20 info: Row(s) deleted
2026-06-07 22:36:20 info: Row(s) deleted
2026-06-07 22:36:20 info: Row(s) deleted
2026-06-07 22:36:20 info: Row(s) deleted
2026-06-07 22:36:20 info: Row(s) deleted
2026-06-07 22:36:20 info: Row(s) deleted
2026-06-07 22:36:20 info: Row(s) deleted
2026-06-07 22:36:20 info: Row(s) deleted
2026-06-07 22:36:20 info: Row(s) deleted
2026-06-07 22:36:20 info: Row(s) deleted
2026-06-07 22:36:20 info: Row(s) deleted
2026-06-07 22:36:20 info: Row(s) deleted
2026-06-07 22:36:20 info: Row(s) deleted
2026-06-07 22:36:20 info: Row(s) deleted
2026-06-07 22:36:20 info: Row(s) deleted
2026-06-07 22:36:20 info: Row(s) deleted
2026-06-07 22:36:20 info: Row(s) deleted
2026-06-07 22:36:20 info: Row(s) deleted
2026-06-07 22:36:20 info: Row(s) deleted
2026-06-07 22:36:20 info: Row(s) deleted
2026-06-07 22:36:20 info: Row(s) deleted
2026-06-07 22:36:20 info: Row(s) deleted
2026-06-07 22:36:20 info: Row(s) deleted
2026-06-07 22:36:20 info: Row(s) deleted
2026-06-07 22:36:20 info: Row(s) deleted
2026-06-07 22:36:20 info: Row(s) deleted
2026-06-07 22:36:20 info: Row(s) deleted
2026-06-07 22:36:20 info: Row(s) deleted
2026-06-07 22:36:20 info: Row(s) deleted
2026-06-07 22:36:20 info: Row(s) deleted
2026-06-07 22:36:20 info: Row(s) deleted
2026-06-07 22:36:20 info: Row(s) deleted
2026-06-07 22:36:20 info: Row(s) deleted
2026-06-07 22:36:20 info: Row(s) deleted
2026-06-07 22:36:20 info: Row(s) deleted
2026-06-07 22:36:20 info: Row(s) deleted
2026-06-07 22:36:20 info: Row(s) deleted
2026-06-07 22:36:20 info: Row(s) deleted
2026-06-07 22:36:20 info: Row(s) deleted
2026-06-07 22:36:20 info: Row(s) deleted
2026-06-07 22:36:20 info: Row(s) deleted
2026-06-07 22:36:20 info: Row(s) deleted
2026-06-07 22:36:20 info: Row(s) deleted
2026-06-07 22:36:20 info: Row(s) deleted
2026-06-07 22:36:20 info: Row(s) deleted
2026-06-07 22:36:20 info: Row(s) deleted
2026-06-07 22:36:20 info: Row(s) deleted
2026-06-07 22:36:20 info: Row(s) deleted
2026-06-07 22:36:20 info: Row(s) deleted
2026-06-07 22:36:20 info: Row(s) deleted
2026-06-07 22:36:20 info: Row(s) deleted
2026-06-07 22:36:20 info: Row(s) deleted
2026-06-07 22:36:20 info: Row(s) deleted
2026-06-07 22:36:20 info: Row(s) deleted
2026-06-07 22:36:20 info: Row(s) deleted
2026-06-07 22:36:20 info: Row(s) deleted
2026-06-07 22:36:20 info: Row(s) deleted
2026-06-07 22:36:20 info: Row(s) deleted
2026-06-07 22:36:20 info: Row(s) deleted
2026-06-07 22:36:20 info: Row(s) deleted
2026-06-07 22:36:20 info: Row(s) deleted
2026-06-07 22:36:20 info: Row(s) deleted
2026-06-07 22:36:20 info: Row(s) deleted
2026-06-07 22:36:20 info: Row(s) deleted
2026-06-07 22:36:20 info: Row(s) deleted
2026-06-07 22:36:20 info: Row(s) deleted
2026-06-07 22:36:20 info: Row(s) deleted
2026-06-07 22:36:20 info: Row(s) deleted
2026-06-07 22:36:20 info: Row(s) deleted
2026-06-07 22:36:20 info: Row(s) deleted
2026-06-07 22:36:20 info: Row(s) deleted
2026-06-07 22:36:20 info: Row(s) deleted
2026-06-07 22:36:20 info: Row(s) deleted
2026-06-07 22:36:20 info: Row(s) deleted
2026-06-07 22:36:20 info: Row(s) deleted
2026-06-07 22:36:20 info: Row(s) deleted
2026-06-07 22:36:20 info: Row(s) deleted
2026-06-07 22:36:20 info: Row(s) deleted
2026-06-07 22:36:20 info: Row(s) deleted
2026-06-07 22:36:20 info: Row(s) deleted
2026-06-07 22:36:20 info: Row(s) deleted
2026-06-07 22:36:20 info: Row(s) deleted
2026-06-07 22:36:20 info: Row(s) deleted
2026-06-07 22:36:20 info: Row(s) deleted
2026-06-07 22:36:20 info: Row(s) deleted
2026-06-07 22:36:20 info: Row(s) deleted
2026-06-07 22:36:20 info: Row(s) deleted
2026-06-07 22:36:20 info: Row(s) deleted
2026-06-07 22:36:20 info: Row(s) deleted
2026-06-07 22:36:20 info: Row(s) deleted
2026-06-07 22:36:20 info: Row(s) deleted
2026-06-07 22:36:20 info: Row(s) deleted
2026-06-07 22:36:20 info: Row(s) deleted
2026-06-07 22:36:20 info: Row(s) deleted
2026-06-07 22:36:20 info: Row(s) deleted
2026-06-07 22:36:20 info: Row(s) deleted
2026-06-07 22:36:20 info: Row(s) deleted
2026-06-07 22:36:20 info: Row(s) deleted
2026-06-07 22:36:20 info: Row(s) deleted
2026-06-07 22:36:20 info: Row(s) deleted
2026-06-07 22:36:20 info: Row(s) deleted
2026-06-07 22:36:20 info: Row(s) deleted
2026-06-07 22:36:20 info: Row(s) deleted
2026-06-07 22:36:20 info: Row(s) deleted
2026-06-07 22:36:20 info: Row(s) deleted
2026-06-07 22:36:20 info: Row(s) deleted
2026-06-07 22:36:20 info: Row(s) deleted
2026-06-07 22:36:20 info: Row(s) deleted
2026-06-07 22:36:20 info: Row(s) deleted
2026-06-07 22:36:20 info: Row(s) deleted
2026-06-07 22:36:20 info: Row(s) deleted
2026-06-07 22:36:20 info: Row(s) deleted
2026-06-07 22:36:20 info: Row(s) deleted
2026-06-07 22:36:20 info: Row(s) deleted
2026-06-07 22:36:20 info: Row(s) deleted
2026-06-07 22:36:20 info: Row(s) deleted
2026-06-07 22:36:20 info: Row(s) deleted
2026-06-07 22:36:20 info: Row(s) deleted
2026-06-07 22:36:20 info: Row(s) deleted
2026-06-07 22:36:20 info: Row(s) deleted
2026-06-07 22:36:20 info: Row(s) deleted
2026-06-07 22:36:20 info: Row(s) deleted
2026-06-07 22:36:20 info: Row(s) deleted
2026-06-07 22:36:20 info: Row(s) deleted
2026-06-07 22:36:20 info: Row(s) deleted
2026-06-07 22:36:20 info: Row(s) deleted
2026-06-07 22:36:20 info: Row(s) deleted
2026-06-07 22:36:20 info: Row(s) deleted
2026-06-07 22:36:20 info: Row(s) deleted
2026-06-07 22:36:20 info: Row(s) deleted
2026-06-07 22:36:20 info: Row(s) deleted
2026-06-07 22:36:20 info: Row(s) deleted
2026-06-07 22:36:20 info: Row(s) deleted
2026-06-07 22:36:20 info: Row(s) deleted
2026-06-07 22:36:20 info: Row(s) deleted
2026-06-07 22:36:20 info: Row(s) deleted
2026-06-07 22:36:20 info: Row(s) deleted
2026-06-07 22:36:20 info: Row(s) deleted
2026-06-07 22:36:20 info: Row(s) deleted
2026-06-07 22:36:20 info: Row(s) deleted
2026-06-07 22:36:20 info: Row(s) deleted
2026-06-07 22:36:20 info: Row(s) deleted
2026-06-07 22:36:20 info: Row(s) deleted
2026-06-07 22:36:20 info: Row(s) deleted
2026-06-07 22:36:20 info: Row(s) deleted
2026-06-07 22:36:20 info: Row(s) deleted
2026-06-07 22:36:20 info: Row(s) deleted
2026-06-07 22:36:20 info: Row(s) deleted
2026-06-07 22:36:20 info: Row(s) deleted
2026-06-07 22:36:20 info: Row(s) deleted
2026-06-07 22:36:20 info: Row(s) deleted
2026-06-07 22:36:20 info: Row(s) deleted
2026-06-07 22:36:20 info: Row(s) deleted
2026-06-07 22:36:20 info: Row(s) deleted
2026-06-07 22:36:20 info: Row(s) deleted
2026-06-07 22:36:20 info: Row(s) deleted
2026-06-07 22:36:20 info: Row(s) deleted
2026-06-07 22:36:20 info: Row(s) deleted
2026-06-07 22:36:20 info: Row(s) deleted
2026-06-07 22:36:20 info: Row(s) deleted
2026-06-07 22:36:20 info: Row(s) deleted
2026-06-07 22:36:20 info: Row(s) deleted
2026-06-07 22:36:20 info: Row(s) deleted
2026-06-07 22:36:20 info: Row(s) deleted
2026-06-07 22:36:20 info: Row(s) deleted
2026-06-07 22:36:20 info: Row(s) deleted
2026-06-07 22:36:20 info: Row(s) deleted
2026-06-07 22:36:20 info: Row(s) deleted
2026-06-07 22:36:20 info: Row(s) deleted
2026-06-07 22:36:20 info: Row(s) deleted
2026-06-07 22:36:20 info: Row(s) deleted
2026-06-07 22:36:20 info: Row(s) deleted
2026-06-07 22:36:20 info: Row(s) deleted
2026-06-07 22:36:20 info: Row(s) deleted
2026-06-07 22:36:20 info: Row(s) deleted
2026-06-07 22:36:20 info: Row(s) deleted
2026-06-07 22:36:20 info: Row(s) deleted
2026-06-07 22:36:20 info: Row(s) deleted
2026-06-07 22:36:20 info: Row(s) deleted
2026-06-07 22:36:20 info: Row(s) deleted
2026-06-07 22:36:20 info: Row(s) deleted
2026-06-07 22:36:20 info: Row(s) deleted
2026-06-07 22:36:20 info: Row(s) deleted
2026-06-07 22:36:20 info: Row(s) deleted
2026-06-07 22:36:20 info: Row(s) deleted
2026-06-07 22:36:20 info: Row(s) deleted
2026-06-07 22:36:20 info: Row(s) deleted
2026-06-07 22:36:20 info: Row(s) deleted
2026-06-07 22:36:20 info: Row(s) deleted
2026-06-07 22:36:20 info: Row(s) deleted
2026-06-07 22:36:20 info: Row(s) deleted
2026-06-07 22:36:20 info: Row(s) deleted
2026-06-07 22:36:20 info: Row(s) deleted
2026-06-07 22:36:20 info: Row(s) deleted
2026-06-07 22:36:20 info: Row(s) deleted
2026-06-07 22:36:20 info: Row(s) deleted
2026-06-07 22:36:20 info: Row(s) deleted
2026-06-07 22:36:20 info: Row(s) deleted
2026-06-07 22:36:20 info: Row(s) deleted
2026-06-07 22:36:20 info: Row(s) deleted
2026-06-07 22:36:20 info: Row(s) deleted
2026-06-07 22:36:20 info: Row(s) deleted
2026-06-07 22:36:20 info: Row(s) deleted
2026-06-07 22:36:20 info: Row(s) deleted
2026-06-07 22:36:20 info: Row(s) deleted
2026-06-07 22:36:20 info: Row(s) deleted
2026-06-07 22:36:20 info: Row(s) deleted
2026-06-07 22:36:20 info: Row(s) deleted
2026-06-07 22:36:20 info: Row(s) deleted
2026-06-07 22:36:20 info: Row(s) deleted
2026-06-07 22:36:20 info: Row(s) deleted
2026-06-07 22:36:20 info: Row(s) deleted
2026-06-07 22:36:20 info: Row(s) deleted
2026-06-07 22:36:20 info: Row(s) deleted
2026-06-07 22:36:20 info: Row(s) deleted
2026-06-07 22:36:20 info: Row(s) deleted
2026-06-07 22:36:20 info: Row(s) deleted
2026-06-07 22:36:20 info: Row(s) deleted
2026-06-07 22:36:20 info: Row(s) deleted
2026-06-07 22:36:20 info: Row(s) deleted
2026-06-07 22:36:20 info: Row(s) deleted
2026-06-07 22:36:20 info: Row(s) deleted
2026-06-07 22:36:20 info: Row(s) deleted
2026-06-07 22:36:20 info: Row(s) deleted
2026-06-07 22:36:20 info: Row(s) deleted
2026-06-07 22:36:20 info: Row(s) deleted
2026-06-07 22:36:20 info: Row(s) deleted
2026-06-07 22:36:20 info: Row(s) deleted
2026-06-07 22:36:20 info: Row(s) deleted
2026-06-07 22:36:20 info: Row(s) deleted
2026-06-07 22:36:20 info: Row(s) deleted
2026-06-07 22:36:20 info: Row(s) deleted
2026-06-07 22:36:20 info: Row(s) deleted
2026-06-07 22:36:20 info: Row(s) deleted
2026-06-07 22:36:20 info: Row(s) deleted
2026-06-07 22:36:20 info: Row(s) deleted
2026-06-07 22:36:20 info: Row(s) deleted
2026-06-07 22:36:20 info: Row(s) deleted
2026-06-07 22:36:20 info: Row(s) deleted
2026-06-07 22:36:20 info: Row(s) deleted
2026-06-07 22:36:20 info: Row(s) deleted
2026-06-07 22:36:20 info: Row(s) deleted
2026-06-07 22:36:20 info: Row(s) deleted
2026-06-07 22:36:20 info: Row(s) deleted
2026-06-07 22:36:20 info: Row(s) deleted
2026-06-07 22:36:20 info: Row(s) deleted
2026-06-07 22:36:20 info: Row(s) deleted
2026-06-07 22:36:20 info: Row(s) deleted
2026-06-07 22:36:20 info: Row(s) deleted
2026-06-07 22:36:20 info: Row(s) deleted
2026-06-07 22:36:20 info: Row(s) deleted
2026-06-07 22:36:20 info: Row(s) deleted
2026-06-07 22:36:20 info: Row(s) deleted
2026-06-07 22:36:20 info: Row(s) deleted
2026-06-07 22:36:20 info: Row(s) deleted
2026-06-07 22:36:20 info: Row(s) deleted
2026-06-07 22:36:20 info: Row(s) deleted
2026-06-07 22:36:20 info: Row(s) deleted
2026-06-07 22:36:20 info: Row(s) deleted
2026-06-07 22:36:20 info: Row(s) deleted
2026-06-07 22:36:20 info: Row(s) deleted
2026-06-07 22:36:20 info: Row(s) deleted
2026-06-07 22:36:20 info: Row(s) deleted
2026-06-07 22:36:20 info: Row(s) deleted
2026-06-07 22:36:20 info: Row(s) deleted
2026-06-07 22:36:20 info: Row(s) deleted
2026-06-07 22:36:20 info: Row(s) deleted
2026-06-07 22:36:20 info: Row(s) deleted
2026-06-07 22:36:20 info: Row(s) deleted
2026-06-07 22:36:20 info: Row(s) deleted
2026-06-07 22:36:20 info: Row(s) deleted
2026-06-07 22:36:20 info: Row(s) deleted
2026-06-07 22:36:20 info: Row(s) deleted
2026-06-07 22:36:20 info: Row(s) deleted
2026-06-07 22:36:20 info: Row(s) deleted
2026-06-07 22:36:20 info: Row(s) deleted
2026-06-07 22:36:20 info: Row(s) deleted
2026-06-07 22:36:20 info: Row(s) deleted
2026-06-07 22:36:20 info: Row(s) deleted
2026-06-07 22:36:20 info: Row(s) deleted
2026-06-07 22:36:20 info: Row(s) deleted
2026-06-07 22:36:20 info: Row(s) deleted
2026-06-07 22:36:20 info: Row(s) deleted
2026-06-07 22:36:20 info: Row(s) deleted
2026-06-07 22:36:20 info: Row(s) deleted
2026-06-07 22:36:20 info: Row(s) deleted
2026-06-07 22:36:20 info: Row(s) deleted
2026-06-07 22:36:20 info: Row(s) deleted
2026-06-07 22:36:20 info: Row(s) deleted
2026-06-07 22:36:20 info: Row(s) deleted
2026-06-07 22:36:20 info: Row(s) deleted
2026-06-07 22:36:20 info: Row(s) deleted
2026-06-07 22:36:20 info: Row(s) deleted
2026-06-07 22:36:20 info: Row(s) deleted
2026-06-07 22:36:20 info: Row(s) deleted
2026-06-07 22:36:20 info: Row(s) deleted
2026-06-07 22:36:20 info: Row(s) deleted
2026-06-07 22:36:20 info: Row(s) deleted
2026-06-07 22:36:20 info: Row(s) deleted
2026-06-07 22:36:20 info: Row(s) deleted
2026-06-07 22:36:20 info: Row(s) deleted
2026-06-07 22:36:20 info: Row(s) deleted
2026-06-07 22:36:20 info: Row(s) deleted
2026-06-07 22:36:20 info: Row(s) deleted
2026-06-07 22:36:20 info: Row(s) deleted
2026-06-07 22:36:20 info: Row(s) deleted
2026-06-07 22:36:20 info: Row(s) deleted
2026-06-07 22:36:20 info: Row(s) deleted
2026-06-07 22:36:20 info: Row(s) deleted
2026-06-07 22:36:20 info: Row(s) deleted
2026-06-07 22:36:20 info: Row(s) deleted
2026-06-07 22:36:20 info: Row(s) deleted
2026-06-07 22:36:20 info: Row(s) deleted
2026-06-07 22:36:20 info: Row(s) deleted
2026-06-07 22:36:20 info: Row(s) deleted
2026-06-07 22:36:20 info: Row(s) deleted
2026-06-07 22:36:20 info: Row(s) deleted
2026-06-07 22:36:20 info: Row(s) deleted
2026-06-07 22:36:20 info: Row(s) deleted
2026-06-07 22:36:20 info: Row(s) deleted
2026-06-07 22:36:20 info: Row(s) deleted
2026-06-07 22:36:20 info: Row(s) deleted
2026-06-07 22:36:20 info: Row(s) deleted
2026-06-07 22:36:20 info: Row(s) deleted
2026-06-07 22:36:20 info: Row(s) deleted
2026-06-07 22:36:20 info: Row(s) deleted
2026-06-07 22:36:20 info: Row(s) deleted
2026-06-07 22:36:20 info: Row(s) deleted
2026-06-07 22:36:20 info: Row(s) deleted
2026-06-07 22:36:20 info: Row(s) deleted
2026-06-07 22:36:20 info: Row(s) deleted
2026-06-07 22:36:20 info: Row(s) deleted
2026-06-07 22:36:20 info: Row(s) deleted
2026-06-07 22:36:20 info: Row(s) deleted
2026-06-07 22:36:20 info: Row(s) deleted
2026-06-07 22:36:20 info: Row(s) deleted
2026-06-07 22:36:20 info: Row(s) deleted
2026-06-07 22:36:20 info: Row(s) deleted
2026-06-07 22:36:20 info: Row(s) deleted
2026-06-07 22:36:20 info: Row(s) deleted
2026-06-07 22:36:20 info: Row(s) deleted
2026-06-07 22:36:20 info: Row(s) deleted
2026-06-07 22:36:20 info: Row(s) deleted
2026-06-07 22:36:20 info: Row(s) deleted
2026-06-07 22:36:20 info: Row(s) deleted
2026-06-07 22:36:20 info: Row(s) deleted
2026-06-07 22:36:20 info: Row(s) deleted
2026-06-07 22:36:20 info: Row(s) deleted
2026-06-07 22:36:20 info: Row(s) deleted
2026-06-07 22:36:20 info: Row(s) deleted
2026-06-07 22:36:20 info: Row(s) deleted
2026-06-07 22:36:20 info: Row(s) deleted
2026-06-07 22:36:20 info: Row(s) deleted
2026-06-07 22:36:20 info: Row(s) deleted
2026-06-07 22:36:20 info: Row(s) deleted
2026-06-07 22:36:20 info: Row(s) deleted
2026-06-07 22:36:20 info: Row(s) deleted
2026-06-07 22:36:20 info: Row(s) deleted
2026-06-07 22:36:20 info: Row(s) deleted
2026-06-07 22:36:20 info: Row(s) deleted
2026-06-07 22:36:20 info: Row(s) deleted
2026-06-07 22:36:20 info: Row(s) deleted
2026-06-07 22:36:20 info: Row(s) deleted
2026-06-07 22:36:20 info: Row(s) deleted
2026-06-07 22:36:20 info: Row(s) deleted
2026-06-07 22:36:20 info: Row(s) deleted
2026-06-07 22:36:20 info: Row(s) deleted
2026-06-07 22:36:20 info: Row(s) deleted
2026-06-07 22:36:20 info: Row(s) deleted
2026-06-07 22:36:20 info: Row(s) deleted
2026-06-07 22:36:20 info: Row(s) deleted
2026-06-07 22:36:20 info: Row(s) deleted
2026-06-07 22:36:20 info: Row(s) deleted
2026-06-07 22:36:20 info: Row(s) deleted
2026-06-07 22:36:20 info: Row(s) deleted
2026-06-07 22:36:20 info: Row(s) deleted
2026-06-07 22:36:20 info: Row(s) deleted
2026-06-07 22:36:20 info: Row(s) deleted
2026-06-07 22:36:20 info: Row(s) deleted
2026-06-07 22:36:20 info: Row(s) deleted
2026-06-07 22:36:20 info: Row(s) deleted
2026-06-07 22:36:20 info: Row(s) deleted
2026-06-07 22:36:20 info: Row(s) deleted
2026-06-07 22:36:20 info: Row(s) deleted
2026-06-07 22:36:20 info: Row(s) deleted
2026-06-07 22:36:20 info: Row(s) deleted
2026-06-07 22:36:20 info: Row(s) deleted
2026-06-07 22:36:20 info: Row(s) deleted
2026-06-07 22:36:20 info: Row(s) deleted
2026-06-07 22:36:20 info: Row(s) deleted
2026-06-07 22:36:20 info: Row(s) deleted
2026-06-07 22:36:20 info: Row(s) deleted
2026-06-07 22:36:20 info: Row(s) deleted
2026-06-07 22:36:20 info: Row(s) deleted
2026-06-07 22:36:20 info: Row(s) deleted
2026-06-07 22:36:20 info: Row(s) deleted
2026-06-07 22:36:20 info: Row(s) deleted
2026-06-07 22:36:20 info: Row(s) deleted
2026-06-07 22:36:20 info: Row(s) deleted
2026-06-07 22:36:20 info: Row(s) deleted
2026-06-07 22:36:20 info: Row(s) deleted
2026-06-07 22:36:20 info: Row(s) deleted
2026-06-07 22:36:20 info: Row(s) deleted
2026-06-07 22:36:20 info: Row(s) deleted
2026-06-07 22:36:20 info: Row(s) deleted
2026-06-07 22:36:20 info: Row(s) deleted
2026-06-07 22:36:20 info: Row(s) deleted
2026-06-07 22:36:20 info: Row(s) deleted
2026-06-07 22:36:20 info: Row(s) deleted
2026-06-07 22:36:20 info: Row(s) deleted
2026-06-07 22:36:20 info: Row(s) deleted
2026-06-07 22:36:20 info: Row(s) deleted
2026-06-07 22:36:20 info: Row(s) deleted
2026-06-07 22:36:20 info: Row(s) deleted
2026-06-07 22:36:20 info: Row(s) deleted
2026-06-07 22:36:20 info: Row(s) deleted
2026-06-07 22:36:20 info: Row(s) deleted
2026-06-07 22:36:20 info: Row(s) deleted
2026-06-07 22:36:20 info: Row(s) deleted
2026-06-07 22:36:20 info: Row(s) deleted
2026-06-07 22:36:20 info: Row(s) deleted
2026-06-07 22:36:20 info: Row(s) deleted
2026-06-07 22:36:20 info: Row(s) deleted
2026-06-07 22:36:20 info: Row(s) deleted
2026-06-07 22:36:20 info: Row(s) deleted
2026-06-07 22:36:20 info: Row(s) deleted
2026-06-07 22:36:20 info: Row(s) deleted
2026-06-07 22:36:20 info: Row(s) deleted
2026-06-07 22:36:20 info: Row(s) deleted
2026-06-07 22:36:20 info: Row(s) deleted
2026-06-07 22:36:20 info: Row(s) deleted
2026-06-07 22:36:20 info: Row(s) deleted
2026-06-07 22:36:20 info: Row(s) deleted
2026-06-07 22:36:20 info: Row(s) deleted
2026-06-07 22:36:20 info: Row(s) deleted
2026-06-07 22:36:20 info: Row(s) deleted
2026-06-07 22:36:20 info: Row(s) deleted
2026-06-07 22:36:20 info: Row(s) deleted
2026-06-07 22:36:20 info: Row(s) deleted
2026-06-07 22:36:20 info: Row(s) deleted
2026-06-07 22:36:20 info: Row(s) deleted
2026-06-07 22:36:20 info: Row(s) deleted
2026-06-07 22:36:20 info: Row(s) deleted
2026-06-07 22:36:20 info: Row(s) deleted
2026-06-07 22:36:20 info: Row(s) deleted
2026-06-07 22:36:20 info: Row(s) deleted
2026-06-07 22:36:20 info: Row(s) deleted
2026-06-07 22:36:20 info: Row(s) deleted
2026-06-07 22:36:20 info: Row(s) deleted
2026-06-07 22:36:20 info: Row(s) deleted
2026-06-07 22:36:20 info: Row(s) deleted
2026-06-07 22:36:20 info: Row(s) deleted
2026-06-07 22:36:20 info: Row(s) deleted
2026-06-07 22:36:20 info: Row(s) deleted
2026-06-07 22:36:20 info: Row(s) deleted
2026-06-07 22:36:20 info: Row(s) deleted
2026-06-07 22:36:20 info: Row(s) deleted
2026-06-07 22:36:20 info: Row(s) deleted
2026-06-07 22:36:20 info: Row(s) deleted
2026-06-07 22:36:20 info: Row(s) deleted
2026-06-07 22:36:20 info: Row(s) deleted
2026-06-07 22:36:20 info: Row(s) deleted
2026-06-07 22:36:20 info: Row(s) deleted
2026-06-07 22:36:20 info: Row(s) deleted
2026-06-07 22:36:20 info: Row(s) deleted
2026-06-07 22:36:20 info: Row(s) deleted
2026-06-07 22:36:20 info: Row(s) deleted
2026-06-07 22:36:20 info: Row(s) deleted
2026-06-07 22:36:20 info: Row(s) deleted
2026-06-07 22:36:20 info: Row(s) deleted
2026-06-07 22:36:20 info: Row(s) deleted
2026-06-07 22:36:20 info: Row(s) deleted
2026-06-07 22:36:20 info: Row(s) deleted
2026-06-07 22:36:20 info: Row(s) deleted
2026-06-07 22:36:20 info: Row(s) deleted
2026-06-07 22:36:20 info: Row(s) deleted
2026-06-07 22:36:20 info: Row(s) deleted
2026-06-07 22:36:20 info: Row(s) deleted
2026-06-07 22:36:20 info: Row(s) deleted
2026-06-07 22:36:20 info: Row(s) deleted
2026-06-07 22:36:20 info: Row(s) deleted
2026-06-07 22:36:20 info: Row(s) deleted
2026-06-07 22:36:20 info: Row(s) deleted
2026-06-07 22:36:20 info: Row(s) deleted
2026-06-07 22:36:20 info: Row(s) deleted
2026-06-07 22:36:20 info: Row(s) deleted
2026-06-07 22:36:20 info: Row(s) deleted
2026-06-07 22:36:20 info: Row(s) deleted
2026-06-07 22:36:20 info: Row(s) deleted
2026-06-07 22:36:20 info: Row(s) deleted
2026-06-07 22:36:20 info: Row(s) deleted
2026-06-07 22:36:20 info: Row(s) deleted
2026-06-07 22:36:20 info: Row(s) deleted
2026-06-07 22:36:20 info: Row(s) deleted
2026-06-07 22:36:20 info: Row(s) deleted
2026-06-07 22:36:20 info: Row(s) deleted
2026-06-07 22:36:20 info: Row(s) deleted
2026-06-07 22:36:20 info: Row(s) deleted
2026-06-07 22:36:20 info: Row(s) deleted
2026-06-07 22:36:20 info: Row(s) deleted
2026-06-07 22:36:20 info: Row(s) deleted
2026-06-07 22:36:20 info: Row(s) deleted
2026-06-07 22:36:20 info: Row(s) deleted
2026-06-07 22:36:20 info: Row(s) deleted
2026-06-07 22:36:20 info: Row(s) deleted
2026-06-07 22:36:20 info: Row(s) deleted
2026-06-07 22:36:20 info: Row(s) deleted
2026-06-07 22:36:20 info: Row(s) deleted
2026-06-07 22:36:20 info: Row(s) deleted
2026-06-07 22:36:20 info: Row(s) deleted
2026-06-07 22:36:20 info: Row(s) deleted
2026-06-07 22:36:20 info: Row(s) deleted
2026-06-07 22:36:20 info: Row(s) deleted
2026-06-07 22:36:20 info: Row(s) deleted
2026-06-07 22:36:20 info: Row(s) deleted
2026-06-07 22:36:20 info: Row(s) deleted
2026-06-07 22:36:20 info: Row(s) deleted
2026-06-07 22:36:20 info: Row(s) deleted
2026-06-07 22:36:20 info: Row(s) deleted
2026-06-07 22:36:20 info: Row(s) deleted
2026-06-07 22:36:20 info: Row(s) deleted
2026-06-07 22:36:20 info: Row(s) deleted
2026-06-07 22:36:20 info: Row(s) deleted
2026-06-07 22:36:20 info: Row(s) deleted
2026-06-07 22:36:20 info: Row(s) deleted
2026-06-07 22:36:20 info: Row(s) deleted
2026-06-07 22:36:20 info: Row(s) deleted
2026-06-07 22:36:20 info: Row(s) deleted
2026-06-07 22:36:20 info: Row(s) deleted
2026-06-07 22:36:20 info: Row(s) deleted
2026-06-07 22:36:20 info: Row(s) deleted
2026-06-07 22:36:20 info: Row(s) deleted
2026-06-07 22:36:20 info: Row(s) deleted
2026-06-07 22:36:20 info: Row(s) deleted
2026-06-07 22:36:20 info: Row(s) deleted
2026-06-07 22:36:20 info: Row(s) deleted
2026-06-07 22:36:20 info: Row(s) deleted
2026-06-07 22:36:20 info: Row(s) deleted
2026-06-07 22:36:20 info: Row(s) deleted
2026-06-07 22:36:20 info: Row(s) deleted
2026-06-07 22:36:20 info: Row(s) deleted
2026-06-07 22:36:20 info: Row(s) deleted
2026-06-07 22:36:20 info: Row(s) deleted
2026-06-07 22:36:20 info: Row(s) deleted
2026-06-07 22:36:20 info: Row(s) deleted
2026-06-07 22:36:20 info: Row(s) deleted
2026-06-07 22:36:20 info: Row(s) deleted
2026-06-07 22:36:20 info: Row(s) deleted
2026-06-07 22:36:20 info: Row(s) deleted
2026-06-07 22:36:20 info: Row(s) deleted
2026-06-07 22:36:20 info: Row(s) deleted
2026-06-07 22:36:20 info: Row(s) deleted
2026-06-07 22:36:20 info: Row(s) deleted
2026-06-07 22:36:20 info: Row(s) deleted
2026-06-07 22:36:20 info: Row(s) deleted
2026-06-07 22:36:20 info: Row(s) deleted
2026-06-07 22:36:20 info: Row(s) deleted
2026-06-07 22:36:20 info: Row(s) deleted
2026-06-07 22:36:20 info: Row(s) deleted
2026-06-07 22:36:20 info: Row(s) deleted
2026-06-07 22:36:20 info: Row(s) deleted
2026-06-07 22:36:20 info: Row(s) deleted
2026-06-07 22:36:20 info: Row(s) deleted
2026-06-07 22:36:20 info: Row(s) deleted
2026-06-07 22:36:20 info: Row(s) deleted
2026-06-07 22:36:20 info: Row(s) deleted
2026-06-07 22:36:20 info: Row(s) deleted
2026-06-07 22:36:20 info: Row(s) deleted
2026-06-07 22:36:20 info: Row(s) deleted
2026-06-07 22:36:20 info: Row(s) deleted
2026-06-07 22:36:20 info: Row(s) deleted
2026-06-07 22:36:20 info: Row(s) deleted
2026-06-07 22:36:20 info: Row(s) deleted
2026-06-07 22:36:20 info: Row(s) deleted
2026-06-07 22:36:20 info: Row(s) deleted
2026-06-07 22:36:20 info: Row(s) deleted
2026-06-07 22:36:20 info: Row(s) deleted
2026-06-07 22:36:20 info: Row(s) deleted
2026-06-07 22:36:20 info: Row(s) deleted
2026-06-07 22:36:20 info: Row(s) deleted
2026-06-07 22:36:20 info: Row(s) deleted
2026-06-07 22:36:20 info: Row(s) deleted
2026-06-07 22:36:20 info: Row(s) deleted
2026-06-07 22:36:20 info: Row(s) deleted
2026-06-07 22:36:20 info: Row(s) deleted
2026-06-07 22:36:20 info: Row(s) deleted
2026-06-07 22:36:20 info: Row(s) deleted
2026-06-07 22:36:20 info: Row(s) deleted
2026-06-07 22:36:20 info: Row(s) deleted
2026-06-07 22:36:20 info: Row(s) deleted
2026-06-07 22:36:20 info: Row(s) deleted
2026-06-07 22:36:20 info: Row(s) deleted
2026-06-07 22:36:20 info: Row(s) deleted
2026-06-07 22:36:20 info: Row(s) deleted
2026-06-07 22:36:20 info: Row(s) deleted
2026-06-07 22:36:20 info: Row(s) deleted
2026-06-07 22:36:20 info: Row(s) deleted
2026-06-07 22:36:20 info: Row(s) deleted
2026-06-07 22:36:20 info: Row(s) deleted
2026-06-07 22:36:20 info: Row(s) deleted
2026-06-07 22:36:20 info: Row(s) deleted
2026-06-07 22:36:20 info: Row(s) deleted
2026-06-07 22:36:20 info: Row(s) deleted
2026-06-07 22:36:20 info: Row(s) deleted
2026-06-07 22:36:20 info: Row(s) deleted
2026-06-07 22:36:20 info: Row(s) deleted
2026-06-07 22:36:20 info: Row(s) deleted
2026-06-07 22:36:20 info: Row(s) deleted
2026-06-07 22:36:20 info: Row(s) deleted
2026-06-07 22:36:20 info: Row(s) deleted
2026-06-07 22:36:20 info: Row(s) deleted
2026-06-07 22:36:20 info: Row(s) deleted
2026-06-07 22:36:20 info: Row(s) deleted
2026-06-07 22:36:20 info: Row(s) deleted
2026-06-07 22:36:20 info: Row(s) deleted
2026-06-07 22:36:20 info: Row(s) deleted
2026-06-07 22:36:20 info: Row(s) deleted
2026-06-07 22:36:20 info: Row(s) deleted
2026-06-07 22:36:20 info: Row(s) deleted
2026-06-07 22:36:20 info: Row(s) deleted
2026-06-07 22:36:20 info: Row(s) deleted
2026-06-07 22:36:20 info: Row(s) deleted
2026-06-07 22:36:20 info: Row(s) deleted
2026-06-07 22:36:20 info: Row(s) deleted
2026-06-07 22:36:20 info: Row(s) deleted
2026-06-07 22:36:20 info: Row(s) deleted
2026-06-07 22:36:20 info: Row(s) deleted
2026-06-07 22:36:20 info: Row(s) deleted
2026-06-07 22:36:20 info: Row(s) deleted
2026-06-07 22:36:20 info: Row(s) deleted
2026-06-07 22:36:20 info: Row(s) deleted
2026-06-07 22:36:20 info: Row(s) deleted
2026-06-07 22:36:20 info: Row(s) deleted
2026-06-07 22:36:20 info: Row(s) deleted
2026-06-07 22:36:20 info: Row(s) deleted
2026-06-07 22:36:20 info: Row(s) deleted
2026-06-07 22:36:20 info: Row(s) deleted
2026-06-07 22:36:20 info: Row(s) deleted
2026-06-07 22:36:20 info: Row(s) deleted
2026-06-07 22:36:20 info: Row(s) deleted
2026-06-07 22:36:20 info: Row(s) deleted
2026-06-07 22:36:20 info: Row(s) deleted
2026-06-07 22:36:20 info: Row(s) deleted
2026-06-07 22:36:20 info: Row(s) deleted
2026-06-07 22:36:20 info: Row(s) deleted
2026-06-07 22:36:20 info: Row(s) deleted
2026-06-07 22:36:20 info: Row(s) deleted
2026-06-07 22:36:20 info: Row(s) deleted
2026-06-07 22:36:20 info: Row(s) deleted
2026-06-07 22:36:20 info: Row(s) deleted
2026-06-07 22:36:20 info: Row(s) deleted
2026-06-07 22:36:20 info: Row(s) deleted
2026-06-07 22:36:20 info: Row(s) deleted
2026-06-07 22:36:20 info: Row(s) deleted
2026-06-07 22:36:20 info: Row(s) deleted
2026-06-07 22:36:20 info: Row(s) deleted
2026-06-07 22:36:20 info: Row(s) deleted
2026-06-07 22:36:20 info: Row(s) deleted
2026-06-07 22:36:20 info: Row(s) deleted
2026-06-07 22:36:20 info: Row(s) deleted
2026-06-07 22:36:20 info: Row(s) deleted
2026-06-07 22:36:20 info: Row(s) deleted
2026-06-07 22:36:20 info: Row(s) deleted
2026-06-07 22:36:20 info: Row(s) deleted
2026-06-07 22:36:20 info: Row(s) deleted
2026-06-07 22:36:20 info: Row(s) deleted
2026-06-07 22:36:20 info: Row(s) deleted
2026-06-07 22:36:20 info: Row(s) deleted
2026-06-07 22:36:20 info: Row(s) deleted
2026-06-07 22:36:20 info: Row(s) deleted
2026-06-07 22:36:20 info: Row(s) deleted
2026-06-07 22:36:20 info: Row(s) deleted
2026-06-07 22:36:20 info: Row(s) deleted
2026-06-07 22:36:20 info: Row(s) deleted
2026-06-07 22:36:20 info: Row(s) deleted
2026-06-07 22:36:20 info: Row(s) deleted
2026-06-07 22:36:20 info: Row(s) deleted
2026-06-07 22:36:20 info: Row(s) deleted
2026-06-07 22:36:20 info: Row(s) deleted
2026-06-07 22:36:20 info: Row(s) deleted
2026-06-07 22:36:20 info: Row(s) deleted
2026-06-07 22:36:20 info: Row(s) deleted
2026-06-07 22:36:20 info: Row(s) deleted
2026-06-07 22:36:20 info: Row(s) deleted
2026-06-07 22:36:20 info: Row(s) deleted
2026-06-07 22:36:20 info: Row(s) deleted
2026-06-07 22:36:20 info: Row(s) deleted
2026-06-07 22:36:20 info: Row(s) deleted
2026-06-07 22:36:20 info: Row(s) deleted
2026-06-07 22:36:20 info: Row(s) deleted
2026-06-07 22:36:20 info: Row(s) deleted
2026-06-07 22:36:20 info: Row(s) deleted
2026-06-07 22:36:20 info: Row(s) deleted
2026-06-07 22:36:20 info: Row(s) deleted
2026-06-07 22:36:20 info: Row(s) deleted
2026-06-07 22:36:20 info: Row(s) deleted
2026-06-07 22:36:20 info: Row(s) deleted
2026-06-07 22:36:20 info: Row(s) deleted
2026-06-07 22:36:20 info: Row(s) deleted
2026-06-07 22:36:20 info: Row(s) deleted
2026-06-07 22:36:20 info: Row(s) deleted
2026-06-07 22:36:20 info: Row(s) deleted
2026-06-07 22:36:20 info: Row(s) deleted
2026-06-07 22:36:20 info: Row(s) deleted
2026-06-07 22:36:20 info: Row(s) deleted
2026-06-07 22:36:20 info: Row(s) deleted
2026-06-07 22:36:20 info: Row(s) deleted
2026-06-07 22:36:20 info: Row(s) deleted
2026-06-07 22:36:20 info: Row(s) deleted
2026-06-07 22:36:20 info: Row(s) deleted
2026-06-07 22:36:20 info: Row(s) deleted
2026-06-07 22:36:20 info: Row(s) deleted
2026-06-07 22:36:20 info: Row(s) deleted
2026-06-07 22:36:20 info: Row(s) deleted
2026-06-07 22:36:20 info: Row(s) deleted
2026-06-07 22:36:20 info: Row(s) deleted
2026-06-07 22:36:20 info: Row(s) deleted
2026-06-07 22:36:20 info: Row(s) deleted
2026-06-07 22:36:20 info: Row(s) deleted
2026-06-07 22:36:20 info: Row(s) deleted
2026-06-07 22:36:20 info: Row(s) deleted
2026-06-07 22:36:20 info: Row(s) deleted
2026-06-07 22:36:20 info: Row(s) deleted
2026-06-07 22:36:20 info: Row(s) deleted
2026-06-07 22:36:20 info: Row(s) deleted
2026-06-07 22:36:20 info: Row(s) deleted
2026-06-07 22:36:20 info: Row(s) deleted
2026-06-07 22:36:20 info: Row(s) deleted
2026-06-07 22:36:20 info: Row(s) deleted
2026-06-07 22:36:20 info: Row(s) deleted
2026-06-07 22:36:20 info: Row(s) deleted
2026-06-07 22:36:20 info: Row(s) deleted
2026-06-07 22:36:20 info: Row(s) deleted
2026-06-07 22:36:20 info: Row(s) deleted
2026-06-07 22:36:20 info: Row(s) deleted
2026-06-07 22:36:20 info: Row(s) deleted
2026-06-07 22:36:20 info: Row(s) deleted
2026-06-07 22:36:20 info: Row(s) deleted
2026-06-07 22:36:20 info: Row(s) deleted
2026-06-07 22:36:20 info: Row(s) deleted
2026-06-07 22:36:20 info: Row(s) deleted
2026-06-07 22:36:20 info: Row(s) deleted
2026-06-07 22:36:20 info: Row(s) deleted
2026-06-07 22:36:20 info: Row(s) deleted
2026-06-07 22:36:20 info: Row(s) deleted
2026-06-07 22:36:20 info: Row(s) deleted
2026-06-07 22:36:20 info: Row(s) deleted
2026-06-07 22:36:20 info: Row(s) deleted
2026-06-07 22:36:20 info: Row(s) deleted
2026-06-07 22:36:20 info: Row(s) deleted
2026-06-07 22:36:20 info: Row(s) deleted
2026-06-07 22:36:20 info: Row(s) deleted
2026-06-07 22:36:20 info: Row(s) deleted
2026-06-07 22:36:20 info: Row(s) deleted
2026-06-07 22:36:20 info: Row(s) deleted
2026-06-07 22:36:20 info: Row(s) deleted
2026-06-07 22:36:20 info: Row(s) deleted
2026-06-07 22:36:20 info: Row(s) deleted
2026-06-07 22:36:20 info: Row(s) deleted
2026-06-07 22:36:20 info: Row(s) deleted
2026-06-07 22:36:20 info: Row(s) deleted
2026-06-07 22:36:20 info: Row(s) deleted
2026-06-07 22:36:20 info: Row(s) deleted
2026-06-07 22:36:20 info: Row(s) deleted
2026-06-07 22:36:20 info: Row(s) deleted
2026-06-07 22:36:20 info: Row(s) deleted
2026-06-07 22:36:20 info: Row(s) deleted
2026-06-07 22:36:20 info: Row(s) deleted
2026-06-07 22:36:20 info: Row(s) deleted
2026-06-07 22:36:20 info: Row(s) deleted
2026-06-07 22:36:20 info: Row(s) deleted
2026-06-07 22:36:20 info: Row(s) deleted
2026-06-07 22:36:20 info: Row(s) deleted
2026-06-07 22:36:20 info: Row(s) deleted
2026-06-07 22:36:20 info: Row(s) deleted
2026-06-07 22:36:20 info: Row(s) deleted
2026-06-07 22:36:20 info: Row(s) deleted
2026-06-07 22:36:20 info: Row(s) deleted
2026-06-07 22:36:20 info: Row(s) deleted
2026-06-07 22:36:20 info: Row(s) deleted
2026-06-07 22:36:20 info: Row(s) deleted
2026-06-07 22:36:20 info: Row(s) deleted
2026-06-07 22:36:20 info: Row(s) deleted
2026-06-07 22:36:20 info: Row(s) deleted
2026-06-07 22:36:20 info: Row(s) deleted
2026-06-07 22:36:20 info: Row(s) deleted
2026-06-07 22:36:20 info: Row(s) deleted
2026-06-07 22:36:20 info: Row(s) deleted
2026-06-07 22:36:20 info: Row(s) deleted
2026-06-07 22:36:20 info: Row(s) deleted
2026-06-07 22:36:20 info: Row(s) deleted
2026-06-07 22:36:20 info: Row(s) deleted
2026-06-07 22:36:20 info: Row(s) deleted
2026-06-07 22:36:20 info: Row(s) deleted
2026-06-07 22:36:20 info: Row(s) deleted
2026-06-07 22:36:20 info: Row(s) deleted
2026-06-07 22:36:20 info: Row(s) deleted
2026-06-07 22:36:20 info: Row(s) deleted
2026-06-07 22:36:20 info: Row(s) deleted
2026-06-07 22:36:20 info: Row(s) deleted
2026-06-07 22:36:20 info: Row(s) deleted
2026-06-07 22:36:20 info: Row(s) deleted
2026-06-07 22:36:20 info: Row(s) deleted
2026-06-07 22:36:20 info: Row(s) deleted
2026-06-07 22:36:20 info: Row(s) deleted
2026-06-07 22:36:20 info: Row(s) deleted
2026-06-07 22:36:20 info: Row(s) deleted
2026-06-07 22:36:20 info: Row(s) deleted
2026-06-07 22:36:20 info: Row(s) deleted
2026-06-07 22:36:20 info: Row(s) deleted
2026-06-07 22:36:20 info: Row(s) deleted
2026-06-07 22:36:20 info: Row(s) deleted
2026-06-07 22:36:20 info: Row(s) deleted
2026-06-07 22:36:20 info: Row(s) deleted
2026-06-07 22:36:20 info: Row(s) deleted
2026-06-07 22:36:20 info: Row(s) deleted
2026-06-07 22:36:20 info: Row(s) deleted
2026-06-07 22:36:20 info: Row(s) deleted
2026-06-07 22:36:20 info: Row(s) deleted
2026-06-07 22:36:20 info: Row(s) deleted
2026-06-07 22:36:20 info: Row(s) deleted
2026-06-07 22:36:20 info: Row(s) deleted
2026-06-07 22:36:20 info: Row(s) deleted
2026-06-07 22:36:20 info: Row(s) deleted
2026-06-07 22:36:20 info: Row(s) deleted
2026-06-07 22:36:20 info: Row(s) deleted
2026-06-07 22:36:20 info: Row(s) deleted
2026-06-07 22:36:20 info: Row(s) deleted
2026-06-07 22:36:20 info: Row(s) deleted
2026-06-07 22:36:20 info: Row(s) deleted
2026-06-07 22:36:20 info: Row(s) deleted
2026-06-07 22:36:20 info: Row(s) deleted
2026-06-07 22:36:20 info: Row(s) deleted
2026-06-07 22:36:20 info: Row(s) deleted
2026-06-07 22:36:20 info: Row(s) deleted
2026-06-07 22:36:20 info: Row(s) deleted
2026-06-07 22:36:20 info: Row(s) deleted
2026-06-07 22:36:20 info: Row(s) deleted
2026-06-07 22:36:20 info: Row(s) deleted
2026-06-07 22:36:20 info: Row(s) deleted
2026-06-07 22:36:20 info: Row(s) deleted
2026-06-07 22:36:20 info: Row(s) deleted
2026-06-07 22:36:20 info: Row(s) deleted
2026-06-07 22:36:20 info: Row(s) deleted
2026-06-07 22:36:20 info: Row(s) deleted
2026-06-07 22:36:20 info: Row(s) deleted
2026-06-07 22:36:20 info: Row(s) deleted
2026-06-07 22:36:20 info: Row(s) deleted
2026-06-07 22:36:20 info: Row(s) deleted
2026-06-07 22:36:20 info: Row(s) deleted
2026-06-07 22:36:20 info: Row(s) deleted
2026-06-07 22:36:20 info: Row(s) deleted
2026-06-07 22:36:20 info: Row(s) deleted
2026-06-07 22:36:20 info: Row(s) deleted
2026-06-07 22:36:20 info: Row(s) deleted
2026-06-07 22:36:20 info: Row(s) deleted
2026-06-07 22:36:20 info: Row(s) deleted
2026-06-07 22:36:20 info: Row(s) deleted
2026-06-07 22:36:20 info: Row(s) deleted
2026-06-07 22:36:20 info: Row(s) deleted
2026-06-07 22:36:20 info: Row(s) deleted
2026-06-07 22:36:20 info: Row(s) deleted
2026-06-07 22:36:20 info: Row(s) deleted
2026-06-07 22:36:20 info: Row(s) deleted
2026-06-07 22:36:20 info: Row(s) deleted
2026-06-07 22:36:20 info: Row(s) deleted
2026-06-07 22:36:20 info: Row(s) deleted
2026-06-07 22:36:20 info: Row(s) deleted
2026-06-07 22:36:20 info: Row(s) deleted
2026-06-07 22:36:20 info: Row(s) deleted
2026-06-07 22:36:20 info: Row(s) deleted
2026-06-07 22:36:20 info: Row(s) deleted
2026-06-07 22:36:20 info: Row(s) deleted
2026-06-07 22:36:20 info: Row(s) deleted
2026-06-07 22:36:20 info: Row(s) deleted
2026-06-07 22:36:20 info: Row(s) deleted
2026-06-07 22:36:20 info: Row(s) deleted
2026-06-07 22:36:20 info: Row(s) deleted
2026-06-07 22:36:20 info: Row(s) deleted
2026-06-07 22:36:20 info: Row(s) deleted
2026-06-07 22:36:20 info: Row(s) deleted
2026-06-07 22:36:20 info: Row(s) deleted
2026-06-07 22:36:20 info: Row(s) deleted
2026-06-07 22:36:20 info: Row(s) deleted
2026-06-07 22:36:20 info: Row(s) deleted
2026-06-07 22:36:20 info: Row(s) deleted
2026-06-07 22:36:20 info: Row(s) deleted
2026-06-07 22:36:20 info: Row(s) deleted
2026-06-07 22:36:20 info: Row(s) deleted
2026-06-07 22:36:20 info: Row(s) deleted
2026-06-07 22:36:20 info: Row(s) deleted
2026-06-07 22:36:20 info: Row(s) deleted
2026-06-07 22:36:20 info: Row(s) deleted
2026-06-07 22:36:20 info: Row(s) deleted
2026-06-07 22:36:20 info: Row(s) deleted
2026-06-07 22:36:20 info: Row(s) deleted
2026-06-07 22:36:20 info: Row(s) deleted
2026-06-07 22:36:20 info: Row(s) deleted
2026-06-07 22:36:20 info: Row(s) deleted
2026-06-07 22:36:20 info: Row(s) deleted
2026-06-07 22:36:20 info: Row(s) deleted
2026-06-07 22:36:20 info: Row(s) deleted
2026-06-07 22:36:20 info: Row(s) deleted
2026-06-07 22:36:20 info: Row(s) deleted
2026-06-07 22:36:20 info: Row(s) deleted
2026-06-07 22:36:20 info: Row(s) deleted
2026-06-07 22:36:20 info: Row(s) deleted
2026-06-07 22:36:20 info: Row(s) deleted
2026-06-07 22:36:20 info: Row(s) deleted
2026-06-07 22:36:20 info: Row(s) deleted
2026-06-07 22:36:20 info: Row(s) deleted
2026-06-07 22:36:20 info: Row(s) deleted
2026-06-07 22:36:20 info: Row(s) deleted
2026-06-07 22:36:20 info: Row(s) deleted
2026-06-07 22:36:20 info: Row(s) deleted
2026-06-07 22:36:20 info: Row(s) deleted
2026-06-07 22:36:20 info: Row(s) deleted
2026-06-07 22:36:20 info: Row(s) deleted
2026-06-07 22:36:20 info: Row(s) deleted
2026-06-07 22:36:20 info: Row(s) deleted
2026-06-07 22:36:20 info: Row(s) deleted
2026-06-07 22:36:20 info: Row(s) deleted
2026-06-07 22:36:20 info: Row(s) deleted
2026-06-07 22:36:20 info: Row(s) deleted
2026-06-07 22:36:20 info: Row(s) deleted
2026-06-07 22:36:20 info: Row(s) deleted
2026-06-07 22:36:20 info: Row(s) deleted
2026-06-07 22:36:20 info: Row(s) deleted
2026-06-07 22:36:20 info: Row(s) deleted
2026-06-07 22:36:20 info: Row(s) deleted
2026-06-07 22:36:20 info: Row(s) deleted
2026-06-07 22:36:20 info: Row(s) deleted
2026-06-07 22:36:20 info: Row(s) deleted
2026-06-07 22:36:20 info: Row(s) deleted
2026-06-07 22:36:20 info: Row(s) deleted
2026-06-07 22:36:20 info: Row(s) deleted
2026-06-07 22:36:20 info: Row(s) deleted
2026-06-07 22:36:20 info: Row(s) deleted
2026-06-07 22:36:20 info: Row(s) deleted
2026-06-07 22:36:20 info: Row(s) deleted
2026-06-07 22:36:20 info: Row(s) deleted
2026-06-07 22:36:20 info: Row(s) deleted
2026-06-07 22:36:20 info: Row(s) deleted
2026-06-07 22:36:20 info: Row(s) deleted
2026-06-07 22:36:20 info: Row(s) deleted
2026-06-07 22:36:20 info: Row(s) deleted
2026-06-07 22:36:20 info: Row(s) deleted
2026-06-07 22:36:20 info: Row(s) deleted
2026-06-07 22:36:20 info: Row(s) deleted
2026-06-07 22:36:20 info: Row(s) deleted
2026-06-07 22:36:20 info: Row(s) deleted
2026-06-07 22:36:20 info: Row(s) deleted
2026-06-07 22:36:20 info: Row(s) deleted
2026-06-07 22:36:20 info: Row(s) deleted
2026-06-07 22:36:20 info: Row(s) deleted
2026-06-07 22:36:20 info: Row(s) deleted
2026-06-07 22:36:20 info: Row(s) deleted
2026-06-07 22:36:20 info: Row(s) deleted
2026-06-07 22:36:20 info: Row(s) deleted
2026-06-07 22:36:20 info: Row(s) deleted
2026-06-07 22:36:20 info: Row(s) deleted
2026-06-07 22:36:20 info: Row(s) deleted
2026-06-07 22:36:20 info: Row(s) deleted
2026-06-07 22:36:20 info: Row(s) deleted
2026-06-07 22:36:20 info: Row(s) deleted
2026-06-07 22:36:20 info: Row(s) deleted
2026-06-07 22:36:20 info: Row(s) deleted
2026-06-07 22:36:20 info: Row(s) deleted
2026-06-07 22:36:20 info: Row(s) deleted
2026-06-07 22:36:20 info: Row(s) deleted
2026-06-07 22:36:20 info: Row(s) deleted
2026-06-07 22:36:20 info: Row(s) deleted
2026-06-07 22:36:20 info: Row(s) deleted
2026-06-07 22:36:20 info: Row(s) deleted
2026-06-07 22:36:20 info: Row(s) deleted
2026-06-07 22:36:20 info: Row(s) deleted
2026-06-07 22:36:20 info: Row(s) deleted
2026-06-07 22:36:20 info: Row(s) deleted
2026-06-07 22:36:20 info: Row(s) deleted
2026-06-07 22:36:20 info: Row(s) deleted
2026-06-07 22:36:20 info: Row(s) deleted
2026-06-07 22:36:20 info: Row(s) deleted
2026-06-07 22:36:20 info: Row(s) deleted
2026-06-07 22:36:20 info: Row(s) deleted
2026-06-07 22:36:20 info: Row(s) deleted
2026-06-07 22:36:20 info: Row(s) deleted
2026-06-07 22:36:20 info: Row(s) deleted
2026-06-07 22:36:20 info: Row(s) deleted
2026-06-07 22:36:20 info: Row(s) deleted
2026-06-07 22:36:20 info: Row(s) deleted
2026-06-07 22:36:20 info: Row(s) deleted
2026-06-07 22:36:20 info: Row(s) deleted
2026-06-07 22:36:20 info: Row(s) deleted
2026-06-07 22:36:20 info: Row(s) deleted
2026-06-07 22:36:20 info: Row(s) deleted
2026-06-07 22:36:20 info: Row(s) deleted
2026-06-07 22:36:20 info: Row(s) deleted
2026-06-07 22:36:20 info: Row(s) deleted
2026-06-07 22:36:20 info: Row(s) deleted
2026-06-07 22:36:20 info: Row(s) deleted
2026-06-07 22:36:20 info: Row(s) deleted
2026-06-07 22:36:20 info: Row(s) deleted
2026-06-07 22:36:20 info: Row(s) deleted
2026-06-07 22:36:20 info: Row(s) deleted
2026-06-07 22:36:20 info: Row(s) deleted
2026-06-07 22:36:20 info: Row(s) deleted
2026-06-07 22:36:20 info: Row(s) deleted
2026-06-07 22:36:20 info: Row(s) deleted
2026-06-07 22:36:20 info: Row(s) deleted
2026-06-07 22:36:20 info: Row(s) deleted
2026-06-07 22:36:20 info: Row(s) deleted
2026-06-07 22:36:20 info: Row(s) deleted
2026-06-07 22:36:20 info: Row(s) deleted
2026-06-07 22:36:20 info: Row(s) deleted
2026-06-07 22:36:20 info: Row(s) deleted
2026-06-07 22:36:20 info: Row(s) deleted
2026-06-07 22:36:20 info: Row(s) deleted
2026-06-07 22:36:20 info: Row(s) deleted
2026-06-07 22:36:20 info: Row(s) deleted
2026-06-07 22:36:20 info: Row(s) deleted
2026-06-07 22:36:20 info: Row(s) deleted
2026-06-07 22:36:20 info: Row(s) deleted
2026-06-07 22:36:20 info: Row(s) deleted
2026-06-07 22:36:20 info: Row(s) deleted
2026-06-07 22:36:20 info: Row(s) deleted
2026-06-07 22:36:20 info: Row(s) deleted
2026-06-07 22:36:20 info: Row(s) deleted
2026-06-07 22:36:20 info: Row(s) deleted
2026-06-07 22:36:20 info: Row(s) deleted
2026-06-07 22:36:20 info: Row(s) deleted
2026-06-07 22:36:20 info: Row(s) deleted
2026-06-07 22:36:20 info: Row(s) deleted
2026-06-07 22:36:20 info: Row(s) deleted
2026-06-07 22:36:20 info: Row(s) deleted
2026-06-07 22:36:20 info: Row(s) deleted
2026-06-07 22:36:20 info: Row(s) deleted
2026-06-07 22:36:20 info: Row(s) deleted
2026-06-07 22:36:20 info: Row(s) deleted
2026-06-07 22:36:20 info: Row(s) deleted
2026-06-07 22:36:20 info: Row(s) deleted
2026-06-07 22:36:20 info: Row(s) deleted
2026-06-07 22:36:20 info: Row(s) deleted
2026-06-07 22:36:20 info: Row(s) deleted
2026-06-07 22:36:20 info: Row(s) deleted
2026-06-07 22:36:20 info: Row(s) deleted
2026-06-07 22:36:20 info: Row(s) deleted
2026-06-07 22:36:20 info: Row(s) deleted
2026-06-07 22:36:20 info: Row(s) deleted
2026-06-07 22:36:20 info: Row(s) deleted
2026-06-07 22:36:20 info: Row(s) deleted
2026-06-07 22:36:20 info: Row(s) deleted
2026-06-07 22:36:20 info: Row(s) deleted
2026-06-07 22:36:20 info: Row(s) deleted
2026-06-07 22:36:20 info: Row(s) deleted
2026-06-07 22:36:20 info: Row(s) deleted
2026-06-07 22:36:20 info: Row(s) deleted
2026-06-07 22:36:20 info: Row(s) deleted
2026-06-07 22:36:20 info: Row(s) deleted
2026-06-07 22:36:20 info: Row(s) deleted
2026-06-07 22:36:20 info: Row(s) deleted
2026-06-07 22:36:20 info: Row(s) deleted
2026-06-07 22:36:20 info: Row(s) deleted
2026-06-07 22:36:20 info: Row(s) deleted
2026-06-07 22:36:20 info: Row(s) deleted
2026-06-07 22:36:20 info: Row(s) deleted
2026-06-07 22:36:20 info: Row(s) deleted
2026-06-07 22:36:20 info: Row(s) deleted
2026-06-07 22:36:20 info: Row(s) deleted
2026-06-07 22:36:20 info: Row(s) deleted
2026-06-07 22:36:20 info: Row(s) deleted
2026-06-07 22:36:20 info: Row(s) deleted
2026-06-07 22:36:20 info: Row(s) deleted
2026-06-07 22:36:20 info: Row(s) deleted
2026-06-07 22:36:20 info: Row(s) deleted
2026-06-07 22:36:20 info: Row(s) deleted
2026-06-07 22:36:20 info: Row(s) deleted
2026-06-07 22:36:20 info: Row(s) deleted
2026-06-07 22:36:20 info: Row(s) deleted
2026-06-07 22:36:20 info: Row(s) deleted
2026-06-07 22:36:20 info: Row(s) deleted
2026-06-07 22:36:20 info: Row(s) deleted
2026-06-07 22:36:20 info: Row(s) deleted
2026-06-07 22:36:20 info: Row(s) deleted
2026-06-07 22:36:20 info: Row(s) deleted
2026-06-07 22:36:20 info: Row(s) deleted
2026-06-07 22:36:20 info: Row(s) deleted
2026-06-07 22:36:20 info: Row(s) deleted
2026-06-07 22:36:20 info: Row(s) deleted
2026-06-07 22:36:20 info: Row(s) deleted
2026-06-07 22:36:20 info: Row(s) deleted
2026-06-07 22:36:20 info: Row(s) deleted
2026-06-07 22:36:20 info: Row(s) deleted
2026-06-07 22:36:20 info: Row(s) deleted
2026-06-07 22:36:20 info: Row(s) deleted
2026-06-07 22:36:20 info: Row(s) deleted
2026-06-07 22:36:20 info: Row(s) deleted
2026-06-07 22:36:20 info: Row(s) deleted
2026-06-07 22:36:20 info: Row(s) deleted
2026-06-07 22:36:20 info: Row(s) deleted
2026-06-07 22:36:20 info: Row(s) deleted
2026-06-07 22:59:40 info: Row(s) deleted
2026-06-07 22:59:56 info: Row(s) deleted
2026-06-07 23:00:15 info: Row(s) deleted
2026-06-07 23:00:29 info: Row(s) deleted
2026-06-07 23:00:58 info: Row(s) deleted
2026-06-07 23:01:44 info: Row(s) deleted
2026-06-07 23:02:30 info: Row(s) deleted
2026-06-07 23:03:03 info: Row(s) deleted
2026-06-07 23:03:35 info: Row(s) deleted
2026-06-07 23:03:52 info: Row(s) deleted
2026-06-07 23:04:08 info: Row(s) deleted
2026-06-07 23:05:15 info: Row(s) deleted
2026-06-07 23:05:40 info: Row(s) deleted
2026-06-07 23:06:09 info: Row(s) deleted
2026-06-07 23:06:37 info: Row(s) deleted
2026-06-07 23:06:59 info: Row(s) deleted
2026-06-07 23:07:24 info: Row(s) deleted
2026-06-07 23:07:49 info: Row(s) deleted
2026-06-07 23:08:13 info: Row(s) deleted
2026-06-07 23:08:36 info: Row(s) deleted
2026-06-07 23:08:59 info: Row(s) deleted
2026-06-07 23:09:19 info: Row(s) deleted
2026-06-07 23:09:38 info: Row(s) deleted
2026-06-07 23:09:52 info: Row(s) deleted
2026-06-07 23:10:16 info: Row(s) deleted
2026-06-07 23:10:39 info: Row(s) deleted
2026-06-07 23:11:02 info: Row(s) deleted
2026-06-07 23:11:26 info: Row(s) deleted
2026-06-07 23:41:22 info: Row(s) deleted
2026-06-07 23:41:48 info: Row(s) deleted
2026-06-07 23:42:02 info: Row(s) deleted
2026-06-07 23:42:37 info: Row(s) deleted
2026-06-07 23:42:53 info: Row(s) deleted
2026-06-07 23:44:03 info: Row(s) deleted
2026-06-07 23:44:56 info: Row(s) deleted
2026-06-07 23:45:33 info: Row(s) deleted
2026-06-07 23:46:06 info: Row(s) deleted
2026-06-07 23:46:33 info: Row(s) deleted
2026-06-10 18:20:03 info: Row(s) deleted
2026-06-10 18:25:35 info: Row(s) deleted
2026-06-10 18:26:50 info: Row(s) deleted
2026-06-10 18:29:05 info: Row(s) deleted
2026-06-10 18:29:14 info: Row(s) deleted
2026-06-10 18:29:22 info: Row(s) deleted
2026-06-10 18:29:25 info: Row(s) deleted
2026-06-10 18:30:02 info: Row(s) deleted
2026-06-10 18:30:02 info: Row(s) deleted
2026-06-10 18:30:02 info: Row(s) deleted
2026-06-10 18:30:02 info: Row(s) deleted
2026-06-10 18:30:02 info: Row(s) deleted
2026-06-10 18:30:02 info: Row(s) deleted
2026-06-10 18:30:02 info: Row(s) deleted
2026-06-10 18:30:02 info: Row(s) deleted
2026-06-10 18:30:02 info: Row(s) deleted
2026-06-10 18:30:02 info: Row(s) deleted
2026-06-10 18:30:02 info: Row(s) deleted
2026-06-10 18:30:02 info: Row(s) deleted
2026-06-10 18:31:44 info: Row(s) deleted
2026-06-10 18:32:07 info: Row(s) deleted
2026-06-10 18:33:11 info: Row(s) deleted
2026-06-10 18:33:26 info: Row(s) deleted
2026-06-10 18:33:51 info: Row(s) deleted
2026-06-10 18:34:15 info: Row(s) deleted
2026-06-10 18:34:45 info: Row(s) deleted
2026-06-10 18:35:00 info: Row(s) deleted
2026-06-10 18:36:29 info: Row(s) deleted
2026-06-10 18:39:02 info: Row(s) deleted
2026-06-10 18:39:30 info: Row(s) deleted
2026-06-10 18:39:47 info: Row(s) deleted
2026-06-10 18:40:21 info: Row(s) deleted
2026-06-10 18:40:43 info: Row(s) deleted
2026-06-11 00:37:42 info: Row(s) deleted
2026-06-11 00:53:02 info: Row(s) deleted
2026-06-11 00:55:15 info: Row(s) deleted
2026-06-11 00:56:20 info: Row(s) deleted
2026-06-11 00:56:30 info: Row(s) deleted
2026-06-11 00:56:49 info: Row(s) deleted
2026-06-11 00:58:50 info: Row(s) deleted
2026-06-11 16:53:25 info: Row(s) deleted
2026-06-11 16:53:34 info: Row(s) deleted
2026-06-11 16:53:41 info: Row(s) deleted
2026-06-11 16:53:50 info: Row(s) deleted
2026-06-11 16:54:01 info: Row(s) deleted
2026-06-11 18:58:09 info: Row(s) deleted
2026-06-11 18:58:09 info: Row(s) deleted
2026-06-11 18:58:09 info: Row(s) deleted
2026-06-11 18:58:09 info: Row(s) deleted
2026-06-11 18:58:09 info: Row(s) deleted
2026-06-11 18:58:09 info: Row(s) deleted
2026-06-11 18:58:09 info: Row(s) deleted
2026-06-11 18:58:09 info: Row(s) deleted
2026-06-11 18:58:09 info: Row(s) deleted
2026-06-11 18:58:09 info: Row(s) deleted
2026-06-11 18:58:09 info: Row(s) deleted
2026-06-11 18:58:09 info: Row(s) deleted
2026-06-11 18:58:09 info: Row(s) deleted
2026-06-11 18:58:09 info: Row(s) deleted
2026-06-11 18:58:09 info: Row(s) deleted
2026-06-11 18:58:09 info: Row(s) deleted
2026-06-11 18:58:09 info: Row(s) deleted
2026-06-11 18:58:09 info: Row(s) deleted
2026-06-11 18:58:09 info: Row(s) deleted
2026-06-11 18:58:09 info: Row(s) deleted
2026-06-11 18:58:09 info: Row(s) deleted
2026-06-11 18:58:09 info: Row(s) deleted
2026-06-11 18:58:09 info: Row(s) deleted
2026-06-11 18:58:09 info: Row(s) deleted
2026-06-11 18:58:09 info: Row(s) deleted
2026-06-11 18:58:09 info: Row(s) deleted
2026-06-11 18:58:09 info: Row(s) deleted
2026-06-11 18:58:09 info: Row(s) deleted
2026-06-11 18:58:09 info: Row(s) deleted
2026-06-11 18:58:09 info: Row(s) deleted
2026-06-11 18:58:09 info: Row(s) deleted
2026-06-11 18:58:09 info: Row(s) deleted
2026-06-11 18:58:09 info: Row(s) deleted
2026-06-11 18:58:09 info: Row(s) deleted
2026-06-11 18:58:09 info: Row(s) deleted
2026-06-11 18:58:09 info: Row(s) deleted
2026-06-11 18:58:09 info: Row(s) deleted
2026-06-11 18:58:09 info: Row(s) deleted
2026-06-11 18:58:10 info: Row(s) deleted
2026-06-11 18:58:10 info: Row(s) deleted
2026-06-11 18:58:10 info: Row(s) deleted
2026-06-11 18:58:10 info: Row(s) deleted
2026-06-11 18:58:10 info: Row(s) deleted
2026-06-11 18:58:10 info: Row(s) deleted
2026-06-11 18:58:10 info: Row(s) deleted
2026-06-11 18:58:10 info: Row(s) deleted
2026-06-11 18:58:10 info: Row(s) deleted
2026-06-11 18:58:10 info: Row(s) deleted
2026-06-11 18:58:10 info: Row(s) deleted
2026-06-11 18:58:10 info: Row(s) deleted
2026-06-11 18:58:10 info: Row(s) deleted
2026-06-11 18:58:10 info: Row(s) deleted
2026-06-11 18:58:10 info: Row(s) deleted
2026-06-11 18:58:10 info: Row(s) deleted
2026-06-11 18:58:10 info: Row(s) deleted
2026-06-11 18:58:10 info: Row(s) deleted
2026-06-11 18:58:10 info: Row(s) deleted
2026-06-11 18:58:10 info: Row(s) deleted
2026-06-11 18:58:10 info: Row(s) deleted
2026-06-11 18:58:10 info: Row(s) deleted
2026-06-11 18:58:10 info: Row(s) deleted
2026-06-11 18:58:10 info: Row(s) deleted
2026-06-11 18:58:10 info: Row(s) deleted
2026-06-11 18:58:10 info: Row(s) deleted
2026-06-11 18:58:10 info: Row(s) deleted
2026-06-11 18:58:20 info: Row(s) deleted
2026-06-11 19:00:19 info: Row(s) deleted
2026-06-11 19:00:19 info: Row(s) deleted
2026-06-11 19:00:19 info: Row(s) deleted
2026-06-11 19:00:19 info: Row(s) deleted
2026-06-11 19:00:19 info: Row(s) deleted
2026-06-11 19:00:19 info: Row(s) deleted
2026-06-11 19:00:19 info: Row(s) deleted
2026-06-11 19:00:19 info: Row(s) deleted
2026-06-11 19:00:19 info: Row(s) deleted
2026-06-11 19:00:19 info: Row(s) deleted
2026-06-11 19:00:19 info: Row(s) deleted
2026-06-11 19:00:19 info: Row(s) deleted
2026-06-11 19:00:21 info: Row(s) deleted
2026-06-11 19:00:21 info: Row(s) deleted
2026-06-11 19:00:21 info: Row(s) deleted
2026-06-11 19:00:21 info: Row(s) deleted
2026-06-11 19:00:21 info: Row(s) deleted
2026-06-11 19:00:21 info: Row(s) deleted
2026-06-11 19:00:21 info: Row(s) deleted
2026-06-11 19:00:21 info: Row(s) deleted
2026-06-11 19:00:21 info: Row(s) deleted
2026-06-11 19:00:21 info: Row(s) deleted
2026-06-11 19:00:21 info: Row(s) deleted
2026-06-11 19:00:21 info: Row(s) deleted
2026-06-11 19:00:21 info: Row(s) deleted
2026-06-11 19:00:21 info: Row(s) deleted
2026-06-11 19:00:21 info: Row(s) deleted
2026-06-11 19:00:21 info: Row(s) deleted
2026-06-11 19:00:21 info: Row(s) deleted
2026-06-11 19:00:21 info: Row(s) deleted
2026-06-11 19:00:21 info: Row(s) deleted
2026-06-11 19:00:21 info: Row(s) deleted
2026-06-11 19:00:21 info: Row(s) deleted
2026-06-11 19:00:21 info: Row(s) deleted
2026-06-11 19:00:21 info: Row(s) deleted
2026-06-11 19:00:21 info: Row(s) deleted
2026-06-11 19:00:21 info: Row(s) deleted
2026-06-11 19:00:21 info: Row(s) deleted
2026-06-11 19:00:21 info: Row(s) deleted
2026-06-11 19:00:21 info: Row(s) deleted
2026-06-11 19:00:21 info: Row(s) deleted
2026-06-11 19:00:21 info: Row(s) deleted
2026-06-11 19:00:21 info: Row(s) deleted
2026-06-11 19:00:21 info: Row(s) deleted
2026-06-11 19:00:21 info: Row(s) deleted
2026-06-11 19:00:21 info: Row(s) deleted
2026-06-11 19:00:21 info: Row(s) deleted
2026-06-11 19:00:21 info: Row(s) deleted
2026-06-11 19:00:21 info: Row(s) deleted
2026-06-11 19:00:21 info: Row(s) deleted
2026-06-11 19:00:21 info: Row(s) deleted
2026-06-11 19:00:21 info: Row(s) deleted
2026-06-11 19:00:21 info: Row(s) deleted
2026-06-11 19:00:21 info: Row(s) deleted
2026-06-11 19:00:21 info: Row(s) deleted
2026-06-11 19:00:21 info: Row(s) deleted
2026-06-11 19:00:21 info: Row(s) deleted
2026-06-11 19:00:21 info: Row(s) deleted
2026-06-11 19:00:21 info: Row(s) deleted
2026-06-11 19:00:21 info: Row(s) deleted
2026-06-11 19:00:21 info: Row(s) deleted
2026-06-11 19:00:21 info: Row(s) deleted
2026-06-11 19:00:21 info: Row(s) deleted
2026-06-11 19:00:21 info: Row(s) deleted
2026-06-11 19:00:21 info: Row(s) deleted
2026-06-11 19:00:21 info: Row(s) deleted
2026-06-11 19:00:21 info: Row(s) deleted
2026-06-11 19:00:21 info: Row(s) deleted
2026-06-11 19:00:21 info: Row(s) deleted
2026-06-11 19:00:21 info: Row(s) deleted
2026-06-11 19:00:21 info: Row(s) deleted
2026-06-11 19:00:21 info: Row(s) deleted
2026-06-11 19:00:21 info: Row(s) deleted
2026-06-11 19:00:21 info: Row(s) deleted
2026-06-11 19:00:21 info: Row(s) deleted
2026-06-11 19:00:21 info: Row(s) deleted
2026-06-11 19:00:21 info: Row(s) deleted
2026-06-11 19:00:21 info: Row(s) deleted
2026-06-11 19:00:21 info: Row(s) deleted
2026-06-11 19:00:21 info: Row(s) deleted
2026-06-11 19:00:21 info: Row(s) deleted
2026-06-11 19:00:21 info: Row(s) deleted
2026-06-11 19:00:21 info: Row(s) deleted
2026-06-11 19:00:21 info: Row(s) deleted
2026-06-11 19:00:21 info: Row(s) deleted
2026-06-11 19:00:21 info: Row(s) deleted
2026-06-11 19:00:21 info: Row(s) deleted
2026-06-11 19:00:21 info: Row(s) deleted
2026-06-11 19:00:21 info: Row(s) deleted
2026-06-11 19:00:21 info: Row(s) deleted
2026-06-11 19:00:21 info: Row(s) deleted
2026-06-11 19:00:21 info: Row(s) deleted
2026-06-11 19:00:21 info: Row(s) deleted
2026-06-11 19:00:21 info: Row(s) deleted
2026-06-11 19:00:21 info: Row(s) deleted
2026-06-11 19:00:21 info: Row(s) deleted
2026-06-11 19:00:21 info: Row(s) deleted
2026-06-11 19:00:21 info: Row(s) deleted
2026-06-11 19:00:21 info: Row(s) deleted
2026-06-11 19:00:21 info: Row(s) deleted
2026-06-11 19:00:21 info: Row(s) deleted
2026-06-11 19:00:21 info: Row(s) deleted
2026-06-11 19:00:21 info: Row(s) deleted
2026-06-11 19:00:22 info: Row(s) deleted
2026-06-11 19:00:22 info: Row(s) deleted
2026-06-11 19:00:22 info: Row(s) deleted
2026-06-11 19:00:22 info: Row(s) deleted
2026-06-11 19:00:22 info: Row(s) deleted
2026-06-11 19:00:22 info: Row(s) deleted
2026-06-11 19:00:22 info: Row(s) deleted
2026-06-11 19:00:22 info: Row(s) deleted
2026-06-11 19:00:22 info: Row(s) deleted
2026-06-11 19:00:22 info: Row(s) deleted
2026-06-11 19:00:22 info: Row(s) deleted
2026-06-11 19:00:22 info: Row(s) deleted
2026-06-11 19:00:22 info: Row(s) deleted
2026-06-11 19:00:22 info: Row(s) deleted
2026-06-11 19:00:22 info: Row(s) deleted
2026-06-11 19:00:22 info: Row(s) deleted
2026-06-11 19:00:22 info: Row(s) deleted
2026-06-11 19:00:22 info: Row(s) deleted
2026-06-11 19:00:22 info: Row(s) deleted
2026-06-11 19:00:22 info: Row(s) deleted
2026-06-11 19:00:22 info: Row(s) deleted
2026-06-11 19:00:22 info: Row(s) deleted
2026-06-11 19:00:22 info: Row(s) deleted
2026-06-11 19:00:22 info: Row(s) deleted
2026-06-11 19:00:22 info: Row(s) deleted
2026-06-11 19:00:22 info: Row(s) deleted
2026-06-11 19:00:22 info: Row(s) deleted
2026-06-11 19:00:22 info: Row(s) deleted
2026-06-11 19:00:22 info: Row(s) deleted
2026-06-11 19:00:22 info: Row(s) deleted
2026-06-11 19:00:22 info: Row(s) deleted
2026-06-11 19:00:22 info: Row(s) deleted
2026-06-11 19:00:22 info: Row(s) deleted
2026-06-11 19:00:22 info: Row(s) deleted
2026-06-11 19:00:22 info: Row(s) deleted
2026-06-11 19:00:22 info: Row(s) deleted
2026-06-11 19:00:22 info: Row(s) deleted
2026-06-11 19:00:22 info: Row(s) deleted
2026-06-11 19:00:22 info: Row(s) deleted
2026-06-11 19:00:22 info: Row(s) deleted
2026-06-11 19:00:22 info: Row(s) deleted
2026-06-11 19:00:22 info: Row(s) deleted
2026-06-11 19:00:22 info: Row(s) deleted
2026-06-11 19:00:22 info: Row(s) deleted
2026-06-11 19:00:22 info: Row(s) deleted
2026-06-11 19:00:22 info: Row(s) deleted
2026-06-11 19:00:22 info: Row(s) deleted
2026-06-11 19:00:22 info: Row(s) deleted
2026-06-11 19:00:22 info: Row(s) deleted
2026-06-11 19:00:22 info: Row(s) deleted
2026-06-11 19:00:22 info: Row(s) deleted
2026-06-11 19:00:22 info: Row(s) deleted
2026-06-11 19:00:22 info: Row(s) deleted
2026-06-11 19:00:22 info: Row(s) deleted
2026-06-11 19:00:22 info: Row(s) deleted
2026-06-11 19:00:22 info: Row(s) deleted
2026-06-11 19:00:22 info: Row(s) deleted
2026-06-11 19:00:22 info: Row(s) deleted
2026-06-11 19:00:22 info: Row(s) deleted
2026-06-11 19:00:22 info: Row(s) deleted
2026-06-11 19:00:22 info: Row(s) deleted
2026-06-11 19:00:22 info: Row(s) deleted
2026-06-11 19:00:22 info: Row(s) deleted
2026-06-11 19:00:22 info: Row(s) deleted
2026-06-11 19:00:22 info: Row(s) deleted
2026-06-11 19:00:22 info: Row(s) deleted
2026-06-11 19:00:22 info: Row(s) deleted
2026-06-11 19:00:22 info: Row(s) deleted
2026-06-11 19:00:22 info: Row(s) deleted
2026-06-11 19:00:22 info: Row(s) deleted
2026-06-11 19:00:22 info: Row(s) deleted
2026-06-11 19:00:22 info: Row(s) deleted
2026-06-11 19:00:22 info: Row(s) deleted
2026-06-11 19:00:22 info: Row(s) deleted
2026-06-11 19:00:22 info: Row(s) deleted
2026-06-11 19:00:22 info: Row(s) deleted
2026-06-11 19:00:22 info: Row(s) deleted
2026-06-11 19:00:22 info: Row(s) deleted
2026-06-11 19:00:22 info: Row(s) deleted
2026-06-11 19:00:22 info: Row(s) deleted
2026-06-11 19:00:22 info: Row(s) deleted
2026-06-11 19:00:22 info: Row(s) deleted
2026-06-11 19:00:22 info: Row(s) deleted
2026-06-11 19:00:22 info: Row(s) deleted
2026-06-11 19:00:22 info: Row(s) deleted
2026-06-11 19:00:22 info: Row(s) deleted
2026-06-11 19:00:22 info: Row(s) deleted
2026-06-11 19:00:22 info: Row(s) deleted
2026-06-11 19:00:22 info: Row(s) deleted
2026-06-11 19:00:22 info: Row(s) deleted
2026-06-11 19:00:22 info: Row(s) deleted
2026-06-11 19:00:22 info: Row(s) deleted
2026-06-11 19:00:22 info: Row(s) deleted
2026-06-11 19:00:22 info: Row(s) deleted
2026-06-11 19:00:22 info: Row(s) deleted
2026-06-11 19:00:22 info: Row(s) deleted
2026-06-11 19:00:22 info: Row(s) deleted
2026-06-11 19:00:22 info: Row(s) deleted
2026-06-11 19:00:22 info: Row(s) deleted
2026-06-11 19:00:22 info: Row(s) deleted
2026-06-11 19:00:22 info: Row(s) deleted
2026-06-11 19:00:22 info: Row(s) deleted
2026-06-11 19:00:22 info: Row(s) deleted
2026-06-11 19:00:22 info: Row(s) deleted
2026-06-11 19:00:22 info: Row(s) deleted
2026-06-11 19:00:22 info: Row(s) deleted
2026-06-11 19:00:22 info: Row(s) deleted
2026-06-11 19:00:22 info: Row(s) deleted
2026-06-11 19:00:22 info: Row(s) deleted
2026-06-11 19:00:22 info: Row(s) deleted
2026-06-11 19:00:22 info: Row(s) deleted
2026-06-11 19:00:22 info: Row(s) deleted
2026-06-11 19:00:22 info: Row(s) deleted
2026-06-11 19:00:22 info: Row(s) deleted
2026-06-11 19:00:22 info: Row(s) deleted
2026-06-11 19:00:22 info: Row(s) deleted
2026-06-11 19:00:22 info: Row(s) deleted
2026-06-11 19:00:22 info: Row(s) deleted
2026-06-11 19:00:22 info: Row(s) deleted
2026-06-11 19:00:22 info: Row(s) deleted
2026-06-11 19:00:22 info: Row(s) deleted
2026-06-11 19:00:22 info: Row(s) deleted
2026-06-11 19:00:22 info: Row(s) deleted
2026-06-11 19:00:22 info: Row(s) deleted
2026-06-11 19:00:22 info: Row(s) deleted
2026-06-11 19:00:22 info: Row(s) deleted
2026-06-11 19:00:22 info: Row(s) deleted
2026-06-11 19:00:22 info: Row(s) deleted
2026-06-11 19:00:22 info: Row(s) deleted
2026-06-11 19:00:22 info: Row(s) deleted
2026-06-11 19:00:22 info: Row(s) deleted
2026-06-11 19:00:22 info: Row(s) deleted
2026-06-11 19:00:22 info: Row(s) deleted
2026-06-11 19:00:22 info: Row(s) deleted
2026-06-11 19:00:22 info: Row(s) deleted
2026-06-11 19:00:22 info: Row(s) deleted
2026-06-11 19:00:22 info: Row(s) deleted
2026-06-11 19:00:22 info: Row(s) deleted
2026-06-11 19:00:22 info: Row(s) deleted
2026-06-11 19:00:22 info: Row(s) deleted
2026-06-11 19:00:22 info: Row(s) deleted
2026-06-11 19:00:22 info: Row(s) deleted
2026-06-11 19:00:22 info: Row(s) deleted
2026-06-11 19:00:22 info: Row(s) deleted
2026-06-11 19:00:22 info: Row(s) deleted
2026-06-11 19:00:22 info: Row(s) deleted
2026-06-11 19:00:22 info: Row(s) deleted
2026-06-11 19:00:22 info: Row(s) deleted
2026-06-11 19:00:22 info: Row(s) deleted
2026-06-11 19:00:22 info: Row(s) deleted
2026-06-11 19:00:22 info: Row(s) deleted
2026-06-11 19:00:22 info: Row(s) deleted
2026-06-11 19:00:22 info: Row(s) deleted
2026-06-11 19:00:22 info: Row(s) deleted
2026-06-11 19:00:22 info: Row(s) deleted
2026-06-11 19:00:22 info: Row(s) deleted
2026-06-11 19:00:22 info: Row(s) deleted
2026-06-11 19:00:22 info: Row(s) deleted
2026-06-11 19:00:22 info: Row(s) deleted
2026-06-11 19:00:22 info: Row(s) deleted
2026-06-11 19:00:22 info: Row(s) deleted
2026-06-11 19:00:22 info: Row(s) deleted
2026-06-11 19:00:22 info: Row(s) deleted
2026-06-11 19:00:22 info: Row(s) deleted
2026-06-11 19:00:22 info: Row(s) deleted
2026-06-11 19:00:22 info: Row(s) deleted
2026-06-11 19:00:22 info: Row(s) deleted
2026-06-11 19:00:22 info: Row(s) deleted
2026-06-11 19:00:22 info: Row(s) deleted
2026-06-11 19:00:22 info: Row(s) deleted
2026-06-11 19:00:22 info: Row(s) deleted
2026-06-11 19:00:22 info: Row(s) deleted
2026-06-11 19:00:22 info: Row(s) deleted
2026-06-11 19:00:22 info: Row(s) deleted
2026-06-11 19:00:22 info: Row(s) deleted
2026-06-11 19:00:22 info: Row(s) deleted
2026-06-11 19:00:22 info: Row(s) deleted
2026-06-11 19:00:22 info: Row(s) deleted
2026-06-11 19:00:22 info: Row(s) deleted
2026-06-11 19:00:22 info: Row(s) deleted
2026-06-11 19:00:22 info: Row(s) deleted
2026-06-11 19:00:22 info: Row(s) deleted
2026-06-11 19:00:22 info: Row(s) deleted
2026-06-11 19:00:22 info: Row(s) deleted
2026-06-11 19:00:22 info: Row(s) deleted
2026-06-11 19:00:22 info: Row(s) deleted
2026-06-11 19:00:22 info: Row(s) deleted
2026-06-11 19:00:22 info: Row(s) deleted
2026-06-11 19:00:22 info: Row(s) deleted
2026-06-11 19:00:22 info: Row(s) deleted
2026-06-11 19:00:22 info: Row(s) deleted
2026-06-11 19:00:23 info: Row(s) deleted
2026-06-11 19:00:23 info: Row(s) deleted
2026-06-11 19:00:23 info: Row(s) deleted
2026-06-11 19:00:23 info: Row(s) deleted
2026-06-11 19:00:23 info: Row(s) deleted
2026-06-11 19:00:23 info: Row(s) deleted
2026-06-11 19:00:23 info: Row(s) deleted
2026-06-11 19:00:23 info: Row(s) deleted
2026-06-11 19:00:23 info: Row(s) deleted
2026-06-11 19:00:23 info: Row(s) deleted
2026-06-11 19:00:23 info: Row(s) deleted
2026-06-11 19:00:23 info: Row(s) deleted
2026-06-11 19:00:23 info: Row(s) deleted
2026-06-11 19:00:23 info: Row(s) deleted
2026-06-11 19:00:23 info: Row(s) deleted
2026-06-11 19:00:23 info: Row(s) deleted
2026-06-11 19:00:23 info: Row(s) deleted
2026-06-11 19:00:23 info: Row(s) deleted
2026-06-11 19:00:23 info: Row(s) deleted
2026-06-11 19:00:23 info: Row(s) deleted
2026-06-11 19:00:23 info: Row(s) deleted
2026-06-11 19:00:23 info: Row(s) deleted
2026-06-11 19:00:23 info: Row(s) deleted
2026-06-11 19:00:23 info: Row(s) deleted
2026-06-11 19:00:23 info: Row(s) deleted
2026-06-11 19:00:23 info: Row(s) deleted
2026-06-11 19:00:23 info: Row(s) deleted
2026-06-11 19:00:23 info: Row(s) deleted
2026-06-11 19:00:23 info: Row(s) deleted
2026-06-11 19:00:23 info: Row(s) deleted
2026-06-11 19:00:23 info: Row(s) deleted
2026-06-11 19:00:23 info: Row(s) deleted
2026-06-11 19:00:23 info: Row(s) deleted
2026-06-11 19:00:23 info: Row(s) deleted
2026-06-11 19:00:23 info: Row(s) deleted
2026-06-11 19:00:23 info: Row(s) deleted
2026-06-11 19:00:23 info: Row(s) deleted
2026-06-11 19:00:23 info: Row(s) deleted
2026-06-11 19:00:23 info: Row(s) deleted
2026-06-11 19:00:23 info: Row(s) deleted
2026-06-11 19:00:23 info: Row(s) deleted
2026-06-11 19:00:23 info: Row(s) deleted
2026-06-11 19:00:23 info: Row(s) deleted
2026-06-11 19:00:23 info: Row(s) deleted
2026-06-11 19:00:23 info: Row(s) deleted
2026-06-11 19:00:23 info: Row(s) deleted
2026-06-11 19:00:23 info: Row(s) deleted
2026-06-11 19:00:23 info: Row(s) deleted
2026-06-11 19:00:23 info: Row(s) deleted
2026-06-11 19:00:23 info: Row(s) deleted
2026-06-11 19:00:23 info: Row(s) deleted
2026-06-11 19:00:23 info: Row(s) deleted
2026-06-11 19:00:23 info: Row(s) deleted
2026-06-11 19:00:23 info: Row(s) deleted
2026-06-11 19:00:23 info: Row(s) deleted
2026-06-11 19:00:23 info: Row(s) deleted
2026-06-11 19:00:23 info: Row(s) deleted
2026-06-11 19:00:23 info: Row(s) deleted
2026-06-11 19:00:23 info: Row(s) deleted
2026-06-11 19:00:23 info: Row(s) deleted
2026-06-11 19:00:23 info: Row(s) deleted
2026-06-11 19:00:23 info: Row(s) deleted
2026-06-11 19:00:23 info: Row(s) deleted
2026-06-11 19:00:23 info: Row(s) deleted
2026-06-11 19:00:23 info: Row(s) deleted
2026-06-11 19:00:23 info: Row(s) deleted
2026-06-11 19:00:23 info: Row(s) deleted
2026-06-11 19:00:23 info: Row(s) deleted
2026-06-11 19:00:23 info: Row(s) deleted
2026-06-11 19:00:23 info: Row(s) deleted
2026-06-11 19:00:23 info: Row(s) deleted
2026-06-11 19:00:23 info: Row(s) deleted
2026-06-11 19:00:23 info: Row(s) deleted
2026-06-11 19:00:23 info: Row(s) deleted
2026-06-11 19:00:23 info: Row(s) deleted
2026-06-11 19:00:23 info: Row(s) deleted
2026-06-11 19:00:23 info: Row(s) deleted
2026-06-11 19:00:23 info: Row(s) deleted
2026-06-11 19:00:23 info: Row(s) deleted
2026-06-11 19:00:23 info: Row(s) deleted
2026-06-11 19:00:23 info: Row(s) deleted
2026-06-11 19:00:23 info: Row(s) deleted
2026-06-11 19:00:23 info: Row(s) deleted
2026-06-11 19:00:23 info: Row(s) deleted
2026-06-11 19:00:23 info: Row(s) deleted
2026-06-11 19:00:23 info: Row(s) deleted
2026-06-11 19:00:23 info: Row(s) deleted
2026-06-11 19:00:23 info: Row(s) deleted
2026-06-11 19:00:23 info: Row(s) deleted
2026-06-11 19:00:23 info: Row(s) deleted
2026-06-11 19:00:23 info: Row(s) deleted
2026-06-11 19:00:23 info: Row(s) deleted
2026-06-11 19:00:23 info: Row(s) deleted
2026-06-11 19:00:23 info: Row(s) deleted
2026-06-11 19:00:23 info: Row(s) deleted
2026-06-11 19:00:23 info: Row(s) deleted
2026-06-11 19:00:23 info: Row(s) deleted
2026-06-11 19:00:23 info: Row(s) deleted
2026-06-11 19:00:23 info: Row(s) deleted
2026-06-11 19:00:23 info: Row(s) deleted
2026-06-11 19:00:23 info: Row(s) deleted
2026-06-11 19:00:23 info: Row(s) deleted
2026-06-11 19:00:23 info: Row(s) deleted
2026-06-11 19:00:23 info: Row(s) deleted
2026-06-11 19:00:23 info: Row(s) deleted
2026-06-11 19:00:23 info: Row(s) deleted
2026-06-11 19:00:23 info: Row(s) deleted
2026-06-11 19:00:23 info: Row(s) deleted
2026-06-11 19:00:23 info: Row(s) deleted
2026-06-11 19:00:23 info: Row(s) deleted
2026-06-11 19:00:23 info: Row(s) deleted
2026-06-11 19:00:23 info: Row(s) deleted
2026-06-11 19:00:23 info: Row(s) deleted
2026-06-11 19:00:23 info: Row(s) deleted
2026-06-11 19:00:23 info: Row(s) deleted
2026-06-11 19:00:23 info: Row(s) deleted
2026-06-11 19:00:23 info: Row(s) deleted
2026-06-11 19:00:23 info: Row(s) deleted
2026-06-11 19:00:23 info: Row(s) deleted
2026-06-11 19:00:23 info: Row(s) deleted
2026-06-11 19:00:23 info: Row(s) deleted
2026-06-11 19:00:23 info: Row(s) deleted
2026-06-11 19:00:23 info: Row(s) deleted
2026-06-11 19:00:23 info: Row(s) deleted
2026-06-11 19:00:23 info: Row(s) deleted
2026-06-11 19:00:23 info: Row(s) deleted
2026-06-11 19:00:23 info: Row(s) deleted
2026-06-11 19:00:23 info: Row(s) deleted
2026-06-11 19:00:23 info: Row(s) deleted
2026-06-11 19:00:23 info: Row(s) deleted
2026-06-11 19:00:23 info: Row(s) deleted
2026-06-11 19:00:23 info: Row(s) deleted
2026-06-11 19:00:23 info: Row(s) deleted
2026-06-11 19:00:23 info: Row(s) deleted
2026-06-11 19:00:23 info: Row(s) deleted
2026-06-11 19:00:23 info: Row(s) deleted
2026-06-11 19:00:23 info: Row(s) deleted
2026-06-11 19:00:23 info: Row(s) deleted
2026-06-11 19:00:23 info: Row(s) deleted
2026-06-11 19:00:23 info: Row(s) deleted
2026-06-11 19:00:23 info: Row(s) deleted
2026-06-11 19:00:23 info: Row(s) deleted
2026-06-11 19:00:23 info: Row(s) deleted
2026-06-11 19:00:23 info: Row(s) deleted
2026-06-11 19:00:23 info: Row(s) deleted
2026-06-11 19:00:23 info: Row(s) deleted
2026-06-11 19:00:23 info: Row(s) deleted
2026-06-11 19:00:23 info: Row(s) deleted
2026-06-11 19:00:23 info: Row(s) deleted
2026-06-11 19:00:23 info: Row(s) deleted
2026-06-11 19:00:23 info: Row(s) deleted
2026-06-11 19:00:23 info: Row(s) deleted
2026-06-11 19:00:23 info: Row(s) deleted
2026-06-11 19:00:23 info: Row(s) deleted
2026-06-11 19:00:23 info: Row(s) deleted
2026-06-11 19:00:23 info: Row(s) deleted
2026-06-11 19:00:23 info: Row(s) deleted
2026-06-11 19:00:23 info: Row(s) deleted
2026-06-11 19:00:23 info: Row(s) deleted
2026-06-11 19:00:23 info: Row(s) deleted
2026-06-11 19:00:23 info: Row(s) deleted
2026-06-11 19:00:23 info: Row(s) deleted
2026-06-11 19:00:23 info: Row(s) deleted
2026-06-11 19:00:23 info: Row(s) deleted
2026-06-11 19:00:23 info: Row(s) deleted
2026-06-11 19:00:23 info: Row(s) deleted
2026-06-11 19:00:23 info: Row(s) deleted
2026-06-11 19:00:23 info: Row(s) deleted
2026-06-11 19:00:23 info: Row(s) deleted
2026-06-11 19:00:23 info: Row(s) deleted
2026-06-11 19:00:23 info: Row(s) deleted
2026-06-11 19:00:23 info: Row(s) deleted
2026-06-11 19:00:23 info: Row(s) deleted
2026-06-11 19:00:23 info: Row(s) deleted
2026-06-11 19:00:23 info: Row(s) deleted
2026-06-11 19:00:23 info: Row(s) deleted
2026-06-11 19:00:23 info: Row(s) deleted
2026-06-11 19:00:23 info: Row(s) deleted
2026-06-11 19:00:23 info: Row(s) deleted
2026-06-11 19:00:23 info: Row(s) deleted
2026-06-11 19:00:23 info: Row(s) deleted
2026-06-11 19:00:23 info: Row(s) deleted
2026-06-11 19:00:23 info: Row(s) deleted
2026-06-11 19:00:23 info: Row(s) deleted
2026-06-11 19:00:23 info: Row(s) deleted
2026-06-11 19:00:23 info: Row(s) deleted
2026-06-11 19:00:23 info: Row(s) deleted
2026-06-11 19:00:23 info: Row(s) deleted
2026-06-11 19:00:23 info: Row(s) deleted
2026-06-11 19:00:23 info: Row(s) deleted
2026-06-11 19:00:23 info: Row(s) deleted
2026-06-11 19:00:23 info: Row(s) deleted
2026-06-11 19:00:23 info: Row(s) deleted
2026-06-11 19:00:23 info: Row(s) deleted
2026-06-11 19:00:23 info: Row(s) deleted
2026-06-11 19:00:23 info: Row(s) deleted
2026-06-11 19:00:23 info: Row(s) deleted
2026-06-11 19:00:23 info: Row(s) deleted
2026-06-11 19:00:23 info: Row(s) deleted
2026-06-11 19:00:23 info: Row(s) deleted
2026-06-11 19:00:23 info: Row(s) deleted
2026-06-11 19:00:23 info: Row(s) deleted
2026-06-11 19:00:23 info: Row(s) deleted
2026-06-11 19:00:23 info: Row(s) deleted
2026-06-11 19:00:23 info: Row(s) deleted
2026-06-11 19:00:23 info: Row(s) deleted
2026-06-11 19:00:23 info: Row(s) deleted
2026-06-11 19:00:23 info: Row(s) deleted
2026-06-11 19:00:23 info: Row(s) deleted
2026-06-11 19:00:23 info: Row(s) deleted
2026-06-11 19:00:23 info: Row(s) deleted
2026-06-11 19:00:23 info: Row(s) deleted
2026-06-11 19:00:23 info: Row(s) deleted
2026-06-11 19:00:23 info: Row(s) deleted
2026-06-11 19:00:23 info: Row(s) deleted
2026-06-11 19:00:23 info: Row(s) deleted
2026-06-11 19:00:23 info: Row(s) deleted
2026-06-11 19:00:23 info: Row(s) deleted
2026-06-11 19:00:23 info: Row(s) deleted
2026-06-11 19:00:23 info: Row(s) deleted
2026-06-11 19:00:23 info: Row(s) deleted
2026-06-11 19:00:23 info: Row(s) deleted
2026-06-11 19:00:23 info: Row(s) deleted
2026-06-11 19:00:23 info: Row(s) deleted
2026-06-11 19:00:23 info: Row(s) deleted
2026-06-11 19:00:23 info: Row(s) deleted
2026-06-11 19:00:23 info: Row(s) deleted
2026-06-11 19:00:23 info: Row(s) deleted
2026-06-11 19:00:23 info: Row(s) deleted
2026-06-11 19:00:23 info: Row(s) deleted
2026-06-11 19:00:23 info: Row(s) deleted
2026-06-11 19:00:23 info: Row(s) deleted
2026-06-11 19:00:23 info: Row(s) deleted
2026-06-11 19:00:23 info: Row(s) deleted
2026-06-11 19:00:23 info: Row(s) deleted
2026-06-11 19:00:23 info: Row(s) deleted
2026-06-11 19:00:23 info: Row(s) deleted
2026-06-11 19:00:23 info: Row(s) deleted
2026-06-11 19:00:23 info: Row(s) deleted
2026-06-11 19:00:23 info: Row(s) deleted
2026-06-11 19:00:23 info: Row(s) deleted
2026-06-11 19:00:23 info: Row(s) deleted
2026-06-11 19:00:23 info: Row(s) deleted
2026-06-11 19:00:23 info: Row(s) deleted
2026-06-11 19:00:23 info: Row(s) deleted
2026-06-11 19:00:23 info: Row(s) deleted
2026-06-11 19:00:23 info: Row(s) deleted
2026-06-11 19:00:23 info: Row(s) deleted
2026-06-11 19:00:23 info: Row(s) deleted
2026-06-11 19:00:23 info: Row(s) deleted
2026-06-11 19:00:23 info: Row(s) deleted
2026-06-11 19:00:23 info: Row(s) deleted
2026-06-11 19:00:23 info: Row(s) deleted
2026-06-11 19:00:23 info: Row(s) deleted
2026-06-11 19:00:23 info: Row(s) deleted
2026-06-11 19:00:23 info: Row(s) deleted
2026-06-11 19:00:23 info: Row(s) deleted
2026-06-11 19:00:23 info: Row(s) deleted
2026-06-11 19:00:23 info: Row(s) deleted
2026-06-11 19:00:23 info: Row(s) deleted
2026-06-11 19:00:23 info: Row(s) deleted
2026-06-11 19:00:23 info: Row(s) deleted
2026-06-11 19:00:24 info: Row(s) deleted
2026-06-11 19:00:24 info: Row(s) deleted
2026-06-11 19:00:24 info: Row(s) deleted
2026-06-11 19:00:24 info: Row(s) deleted
2026-06-11 19:00:24 info: Row(s) deleted
2026-06-11 19:00:24 info: Row(s) deleted
2026-06-11 19:00:24 info: Row(s) deleted
2026-06-11 19:00:24 info: Row(s) deleted
2026-06-11 19:00:24 info: Row(s) deleted
2026-06-11 19:00:24 info: Row(s) deleted
2026-06-11 19:00:24 info: Row(s) deleted
2026-06-11 19:00:24 info: Row(s) deleted
2026-06-11 19:00:24 info: Row(s) deleted
2026-06-11 19:00:24 info: Row(s) deleted
2026-06-11 19:00:24 info: Row(s) deleted
2026-06-11 19:00:24 info: Row(s) deleted
2026-06-11 19:00:24 info: Row(s) deleted
2026-06-11 19:00:24 info: Row(s) deleted
2026-06-11 19:00:24 info: Row(s) deleted
2026-06-11 19:00:24 info: Row(s) deleted
2026-06-11 19:00:24 info: Row(s) deleted
2026-06-11 19:00:24 info: Row(s) deleted
2026-06-11 19:00:24 info: Row(s) deleted
2026-06-11 19:00:24 info: Row(s) deleted
2026-06-11 19:00:24 info: Row(s) deleted
2026-06-11 19:00:24 info: Row(s) deleted
2026-06-11 19:00:24 info: Row(s) deleted
2026-06-11 19:00:24 info: Row(s) deleted
2026-06-11 19:00:24 info: Row(s) deleted
2026-06-11 19:00:24 info: Row(s) deleted
2026-06-11 19:00:24 info: Row(s) deleted
2026-06-11 19:00:26 info: Row(s) deleted
2026-06-11 19:00:26 info: Row(s) deleted
2026-06-11 19:00:26 info: Row(s) deleted
2026-06-11 19:00:26 info: Row(s) deleted
2026-06-11 19:00:26 info: Row(s) deleted
2026-06-11 19:00:26 info: Row(s) deleted
2026-06-11 19:00:26 info: Row(s) deleted
2026-06-11 19:00:26 info: Row(s) deleted
2026-06-11 19:00:26 info: Row(s) deleted
2026-06-11 19:00:26 info: Row(s) deleted
2026-06-11 19:00:26 info: Row(s) deleted
2026-06-11 19:00:26 info: Row(s) deleted
2026-06-11 19:00:26 info: Row(s) deleted
2026-06-11 19:00:26 info: Row(s) deleted
2026-06-11 19:00:26 info: Row(s) deleted
2026-06-11 19:00:26 info: Row(s) deleted
2026-06-11 19:00:26 info: Row(s) deleted
2026-06-11 19:00:26 info: Row(s) deleted
2026-06-11 19:00:26 info: Row(s) deleted
2026-06-11 19:00:26 info: Row(s) deleted
2026-06-11 19:00:26 info: Row(s) deleted
2026-06-11 19:00:26 info: Row(s) deleted
2026-06-11 19:00:26 info: Row(s) deleted
2026-06-11 19:00:26 info: Row(s) deleted
2026-06-11 19:00:26 info: Row(s) deleted
2026-06-11 19:00:26 info: Row(s) deleted
2026-06-11 19:00:26 info: Row(s) deleted
2026-06-11 19:00:26 info: Row(s) deleted
2026-06-11 19:00:26 info: Row(s) deleted
2026-06-11 19:00:26 info: Row(s) deleted
2026-06-11 19:00:26 info: Row(s) deleted
2026-06-11 19:00:26 info: Row(s) deleted
2026-06-11 19:00:26 info: Row(s) deleted
2026-06-11 19:00:26 info: Row(s) deleted
2026-06-11 19:00:26 info: Row(s) deleted
2026-06-11 19:00:26 info: Row(s) deleted
2026-06-11 19:00:26 info: Row(s) deleted
2026-06-11 19:00:26 info: Row(s) deleted
2026-06-11 19:00:26 info: Row(s) deleted
2026-06-11 19:00:26 info: Row(s) deleted
2026-06-11 19:00:26 info: Row(s) deleted
2026-06-11 19:00:26 info: Row(s) deleted
2026-06-11 19:00:26 info: Row(s) deleted
2026-06-11 19:00:26 info: Row(s) deleted
2026-06-11 19:00:26 info: Row(s) deleted
2026-06-11 19:00:26 info: Row(s) deleted
2026-06-11 19:00:26 info: Row(s) deleted
2026-06-11 19:00:26 info: Row(s) deleted
2026-06-11 19:00:26 info: Row(s) deleted
2026-06-11 19:00:26 info: Row(s) deleted
2026-06-11 19:00:26 info: Row(s) deleted
2026-06-11 19:00:26 info: Row(s) deleted
2026-06-11 19:00:26 info: Row(s) deleted
2026-06-11 19:00:26 info: Row(s) deleted
2026-06-11 19:00:26 info: Row(s) deleted
2026-06-11 19:00:26 info: Row(s) deleted
2026-06-11 19:00:26 info: Row(s) deleted
2026-06-11 19:00:26 info: Row(s) deleted
2026-06-11 19:00:26 info: Row(s) deleted
2026-06-11 19:00:26 info: Row(s) deleted
2026-06-11 19:00:26 info: Row(s) deleted
2026-06-11 19:00:26 info: Row(s) deleted
2026-06-11 19:00:26 info: Row(s) deleted
2026-06-11 19:00:26 info: Row(s) deleted
2026-06-11 19:00:26 info: Row(s) deleted
2026-06-11 19:00:26 info: Row(s) deleted
2026-06-11 19:00:26 info: Row(s) deleted
2026-06-11 19:00:26 info: Row(s) deleted
2026-06-11 19:00:26 info: Row(s) deleted
2026-06-11 19:00:26 info: Row(s) deleted
2026-06-11 19:00:26 info: Row(s) deleted
2026-06-11 19:00:26 info: Row(s) deleted
2026-06-11 19:00:26 info: Row(s) deleted
2026-06-11 19:00:26 info: Row(s) deleted
2026-06-11 19:00:26 info: Row(s) deleted
2026-06-11 19:00:26 info: Row(s) deleted
2026-06-11 19:00:26 info: Row(s) deleted
2026-06-11 19:00:26 info: Row(s) deleted
2026-06-11 19:00:26 info: Row(s) deleted
2026-06-11 19:00:26 info: Row(s) deleted
2026-06-11 19:00:26 info: Row(s) deleted
2026-06-11 19:00:26 info: Row(s) deleted
2026-06-11 19:00:26 info: Row(s) deleted
2026-06-11 19:00:26 info: Row(s) deleted
2026-06-11 19:00:26 info: Row(s) deleted
2026-06-11 19:00:26 info: Row(s) deleted
2026-06-11 19:00:26 info: Row(s) deleted
2026-06-11 19:00:26 info: Row(s) deleted
2026-06-11 19:00:26 info: Row(s) deleted
2026-06-11 19:00:26 info: Row(s) deleted
2026-06-11 19:00:26 info: Row(s) deleted
2026-06-11 19:00:26 info: Row(s) deleted
2026-06-11 19:00:26 info: Row(s) deleted
2026-06-11 19:00:26 info: Row(s) deleted
2026-06-11 19:00:26 info: Row(s) deleted
2026-06-11 19:00:26 info: Row(s) deleted
2026-06-11 19:00:26 info: Row(s) deleted
2026-06-11 19:00:26 info: Row(s) deleted
2026-06-11 19:00:26 info: Row(s) deleted
2026-06-11 19:00:26 info: Row(s) deleted
2026-06-11 19:00:26 info: Row(s) deleted
2026-06-11 19:00:26 info: Row(s) deleted
2026-06-11 19:00:26 info: Row(s) deleted
2026-06-11 19:00:26 info: Row(s) deleted
2026-06-11 19:00:26 info: Row(s) deleted
2026-06-11 19:00:26 info: Row(s) deleted
2026-06-11 19:00:26 info: Row(s) deleted
2026-06-11 19:00:26 info: Row(s) deleted
2026-06-11 19:00:26 info: Row(s) deleted
2026-06-11 19:00:26 info: Row(s) deleted
2026-06-11 19:00:26 info: Row(s) deleted
2026-06-11 19:00:26 info: Row(s) deleted
2026-06-11 19:00:26 info: Row(s) deleted
2026-06-11 19:00:26 info: Row(s) deleted
2026-06-11 19:00:26 info: Row(s) deleted
2026-06-11 19:00:26 info: Row(s) deleted
2026-06-11 19:00:26 info: Row(s) deleted
2026-06-11 19:00:26 info: Row(s) deleted
2026-06-11 19:00:26 info: Row(s) deleted
2026-06-11 19:00:26 info: Row(s) deleted
2026-06-11 19:00:26 info: Row(s) deleted
2026-06-11 19:00:26 info: Row(s) deleted
2026-06-11 19:00:26 info: Row(s) deleted
2026-06-11 19:00:26 info: Row(s) deleted
2026-06-11 19:00:26 info: Row(s) deleted
2026-06-11 19:00:26 info: Row(s) deleted
2026-06-11 19:00:26 info: Row(s) deleted
2026-06-11 19:00:26 info: Row(s) deleted
2026-06-11 19:00:26 info: Row(s) deleted
2026-06-11 19:00:26 info: Row(s) deleted
2026-06-11 19:00:26 info: Row(s) deleted
2026-06-11 19:00:26 info: Row(s) deleted
2026-06-11 19:00:26 info: Row(s) deleted
2026-06-11 19:00:26 info: Row(s) deleted
2026-06-11 19:00:26 info: Row(s) deleted
2026-06-11 19:00:26 info: Row(s) deleted
2026-06-11 19:00:26 info: Row(s) deleted
2026-06-11 19:00:26 info: Row(s) deleted
2026-06-11 19:00:26 info: Row(s) deleted
2026-06-11 19:00:26 info: Row(s) deleted
2026-06-11 19:00:26 info: Row(s) deleted
2026-06-11 19:00:26 info: Row(s) deleted
2026-06-11 19:00:26 info: Row(s) deleted
2026-06-11 19:00:26 info: Row(s) deleted
2026-06-11 19:00:26 info: Row(s) deleted
2026-06-11 19:00:26 info: Row(s) deleted
2026-06-11 19:00:26 info: Row(s) deleted
2026-06-11 19:00:26 info: Row(s) deleted
2026-06-11 19:00:26 info: Row(s) deleted
2026-06-11 19:00:26 info: Row(s) deleted
2026-06-11 19:00:26 info: Row(s) deleted
2026-06-11 19:00:26 info: Row(s) deleted
2026-06-11 19:00:26 info: Row(s) deleted
2026-06-11 19:00:26 info: Row(s) deleted
2026-06-11 19:00:26 info: Row(s) deleted
2026-06-11 19:00:26 info: Row(s) deleted
2026-06-11 19:00:26 info: Row(s) deleted
2026-06-11 19:00:26 info: Row(s) deleted
2026-06-11 19:00:26 info: Row(s) deleted
2026-06-11 19:00:26 info: Row(s) deleted
2026-06-11 19:00:26 info: Row(s) deleted
2026-06-11 19:00:26 info: Row(s) deleted
2026-06-11 19:00:26 info: Row(s) deleted
2026-06-11 19:00:26 info: Row(s) deleted
2026-06-11 19:00:26 info: Row(s) deleted
2026-06-11 19:00:26 info: Row(s) deleted
2026-06-11 19:00:26 info: Row(s) deleted
2026-06-11 19:00:26 info: Row(s) deleted
2026-06-11 19:00:26 info: Row(s) deleted
2026-06-11 19:00:26 info: Row(s) deleted
2026-06-11 19:00:26 info: Row(s) deleted
2026-06-11 19:00:26 info: Row(s) deleted
2026-06-11 19:00:26 info: Row(s) deleted
2026-06-11 19:00:26 info: Row(s) deleted
2026-06-11 19:00:26 info: Row(s) deleted
2026-06-11 19:00:26 info: Row(s) deleted
2026-06-11 19:00:26 info: Row(s) deleted
2026-06-11 19:00:26 info: Row(s) deleted
2026-06-11 19:00:26 info: Row(s) deleted
2026-06-11 19:00:26 info: Row(s) deleted
2026-06-11 19:00:27 info: Row(s) deleted
2026-06-11 19:00:27 info: Row(s) deleted
2026-06-11 19:00:27 info: Row(s) deleted
2026-06-11 19:00:27 info: Row(s) deleted
2026-06-11 19:00:27 info: Row(s) deleted
2026-06-11 19:00:27 info: Row(s) deleted
2026-06-11 19:00:27 info: Row(s) deleted
2026-06-11 19:00:27 info: Row(s) deleted
2026-06-11 19:00:27 info: Row(s) deleted
2026-06-11 19:00:27 info: Row(s) deleted
2026-06-11 19:00:27 info: Row(s) deleted
2026-06-11 19:00:27 info: Row(s) deleted
2026-06-11 19:00:27 info: Row(s) deleted
2026-06-11 19:00:27 info: Row(s) deleted
2026-06-11 19:00:27 info: Row(s) deleted
2026-06-11 19:00:27 info: Row(s) deleted
2026-06-11 19:00:27 info: Row(s) deleted
2026-06-11 19:00:27 info: Row(s) deleted
2026-06-11 19:00:27 info: Row(s) deleted
2026-06-11 19:00:27 info: Row(s) deleted
2026-06-11 19:00:27 info: Row(s) deleted
2026-06-11 19:00:27 info: Row(s) deleted
2026-06-11 19:00:27 info: Row(s) deleted
2026-06-11 19:00:27 info: Row(s) deleted
2026-06-11 19:00:27 info: Row(s) deleted
2026-06-11 19:00:27 info: Row(s) deleted
2026-06-11 19:00:27 info: Row(s) deleted
2026-06-11 19:00:27 info: Row(s) deleted
2026-06-11 19:00:27 info: Row(s) deleted
2026-06-11 19:00:27 info: Row(s) deleted
2026-06-11 19:00:27 info: Row(s) deleted
2026-06-11 19:00:27 info: Row(s) deleted
2026-06-11 19:00:27 info: Row(s) deleted
2026-06-11 19:00:27 info: Row(s) deleted
2026-06-11 19:00:27 info: Row(s) deleted
2026-06-11 19:00:27 info: Row(s) deleted
2026-06-11 19:00:27 info: Row(s) deleted
2026-06-11 19:00:27 info: Row(s) deleted
2026-06-11 19:00:27 info: Row(s) deleted
2026-06-11 19:00:27 info: Row(s) deleted
2026-06-11 19:00:27 info: Row(s) deleted
2026-06-11 19:00:27 info: Row(s) deleted
2026-06-11 19:00:27 info: Row(s) deleted
2026-06-11 19:00:27 info: Row(s) deleted
2026-06-11 19:00:27 info: Row(s) deleted
2026-06-11 19:00:27 info: Row(s) deleted
2026-06-11 19:00:27 info: Row(s) deleted
2026-06-11 19:00:27 info: Row(s) deleted
2026-06-11 19:00:27 info: Row(s) deleted
2026-06-11 19:00:27 info: Row(s) deleted
2026-06-11 19:00:27 info: Row(s) deleted
2026-06-11 19:00:27 info: Row(s) deleted
2026-06-11 19:00:27 info: Row(s) deleted
2026-06-11 19:00:27 info: Row(s) deleted
2026-06-11 19:00:27 info: Row(s) deleted
2026-06-11 19:00:27 info: Row(s) deleted
2026-06-11 19:00:27 info: Row(s) deleted
2026-06-11 19:00:27 info: Row(s) deleted
2026-06-11 19:00:27 info: Row(s) deleted
2026-06-11 19:00:27 info: Row(s) deleted
2026-06-11 19:00:27 info: Row(s) deleted
2026-06-11 19:00:27 info: Row(s) deleted
2026-06-11 19:00:27 info: Row(s) deleted
2026-06-11 19:00:27 info: Row(s) deleted
2026-06-11 19:00:27 info: Row(s) deleted
2026-06-11 19:00:27 info: Row(s) deleted
2026-06-11 19:00:27 info: Row(s) deleted
2026-06-11 19:00:27 info: Row(s) deleted
2026-06-11 19:00:27 info: Row(s) deleted
2026-06-11 19:00:27 info: Row(s) deleted
2026-06-11 19:00:27 info: Row(s) deleted
2026-06-11 19:00:27 info: Row(s) deleted
2026-06-11 19:00:27 info: Row(s) deleted
2026-06-11 19:00:27 info: Row(s) deleted
2026-06-11 19:00:27 info: Row(s) deleted
2026-06-11 19:00:27 info: Row(s) deleted
2026-06-11 19:00:27 info: Row(s) deleted
2026-06-11 19:00:27 info: Row(s) deleted
2026-06-11 19:00:27 info: Row(s) deleted
2026-06-11 19:00:27 info: Row(s) deleted
2026-06-11 19:00:27 info: Row(s) deleted
2026-06-11 19:00:27 info: Row(s) deleted
2026-06-11 19:00:27 info: Row(s) deleted
2026-06-11 19:00:27 info: Row(s) deleted
2026-06-11 19:00:27 info: Row(s) deleted
2026-06-11 19:00:27 info: Row(s) deleted
2026-06-11 19:00:27 info: Row(s) deleted
2026-06-11 19:00:28 info: Row(s) deleted
2026-06-11 19:00:28 info: Row(s) deleted
2026-06-11 19:00:28 info: Row(s) deleted
2026-06-11 19:00:28 info: Row(s) deleted
2026-06-11 19:00:28 info: Row(s) deleted
2026-06-11 22:35:25 info: Congratulations, your extension "Embold" is now active!
2026-06-11 22:35:25 info: ************* init ****************
2026-06-11 22:35:25 info: tempDirectory : c:\Users\Acer\.vscode\extensions\embold-vscode.embold-0.3.8\temp
2026-06-11 22:35:33 info: Extraction complete for source: c:\Users\Acer\.vscode\extensions\embold-vscode.embold-0.3.8\resources\embold-scanner-archive.zip, destination: c:\Users\Acer\.vscode\extensions\embold-vscode.embold-0.3.8\temp
2026-06-11 22:35:33 info: Extension installed on machine OS : win32
2026-06-11 22:35:33 info: Loading issues from local database on startup (checkbox unchecked)
2026-06-11 22:35:33 info: Using emboldDBDir: d:\Documents\Lesya\Rolling Scopes\summer_bootcamp_2026\shelter\shelter\.embold
2026-06-11 22:35:33 info: NO_PROXY set from VS Code http.noProxy: 
2026-06-11 22:35:33 info: NODE_TLS_REJECT_UNAUTHORIZED not set (SSL verification enabled)
2026-06-11 22:35:33 info: Using system certificates for SSL verification
2026-06-11 22:35:33 info: [STARTUP] Processing 0 total issues from database
2026-06-11 22:35:33 info: [STARTUP] Issues sorted by file path
2026-06-11 22:35:33 info: [STARTUP] Complete - Processed: 0, Skipped: 0
2026-06-11 22:35:33 info: Fetched the issues from DB
2026-06-11 22:35:39 info: Java version installed on machine : 
java version "25.0.2" 2026-01-20 LTS
Java(TM) SE Runtime Environment (build 25.0.2+10-LTS-69)
Java HotSpot(TM) 64-Bit Server VM (build 25.0.2+10-LTS-69, mixed mode, sharing)

2026-06-11 22:35:39 info: Java installed on machine.
2026-06-11 22:35:39 info: Embold extension version response:{"hasSupport":false,"version":"0.2.1","changeNotes":"<div> <p>Release Date: 30 Apr, 2025 <br><span>Bug fixes and improvements.</span></p> </div>"}
2026-06-11 22:35:39 info: Current installed embold extension version : 0.3.8
2026-06-11 22:35:39 info: Latest embold extension version on marketplace : 0.2.1
2026-06-11 22:35:39 info: Current extension version: 0.3.8
2026-06-11 22:35:39 info: Stored extension version: 0.3.8
2026-06-11 22:35:39 info: No new installation or upgrade detected. Skipping plugin activation tracking.
2026-06-12 18:03:50 info: Row(s) deleted
2026-06-12 18:30:19 info: Row(s) deleted
2026-06-13 21:00:47 info: Row(s) deleted
2026-06-13 21:00:58 info: Row(s) deleted
2026-06-14 23:43:44 info: Row(s) deleted
2026-06-14 23:43:44 info: Row(s) deleted
2026-06-14 23:43:46 info: Row(s) deleted
2026-06-14 23:43:47 info: Row(s) deleted
2026-06-14 23:43:47 info: Row(s) deleted
2026-06-14 23:43:47 info: Row(s) deleted
2026-06-14 23:43:48 info: Row(s) deleted
2026-06-14 23:44:01 info: Row(s) deleted
2026-06-14 23:44:01 info: Row(s) deleted
2026-06-14 23:44:03 info: Row(s) deleted
2026-06-14 23:44:04 info: Row(s) deleted
2026-06-14 23:44:04 info: Row(s) deleted
2026-06-14 23:44:04 info: Row(s) deleted
2026-06-14 23:44:05 info: Row(s) deleted
2026-06-14 23:44:05 info: Row(s) deleted
2026-06-14 23:44:06 info: Row(s) deleted
2026-06-14 23:44:06 info: Row(s) deleted
2026-06-14 23:57:10 info: Row(s) deleted
2026-06-15 02:10:39 info: Row(s) deleted
2026-06-15 02:10:39 info: Row(s) deleted
2026-06-15 02:10:46 info: Row(s) deleted
2026-06-15 02:10:46 info: Row(s) deleted
2026-06-15 02:10:46 info: Row(s) deleted
2026-06-15 02:10:46 info: Row(s) deleted
2026-06-15 02:10:47 info: Row(s) deleted
2026-06-15 02:10:47 info: Row(s) deleted
2026-06-15 02:10:47 info: Row(s) deleted
2026-06-15 02:10:47 info: Row(s) deleted
2026-06-15 02:10:47 info: Row(s) deleted
2026-06-15 02:10:47 info: Row(s) deleted
2026-06-15 02:10:48 info: Row(s) deleted
2026-06-15 02:10:48 info: Row(s) deleted
2026-06-16 17:35:46 info: Row(s) deleted
2026-06-16 21:02:47 info: Row(s) deleted
2026-06-16 21:02:47 info: Row(s) deleted
2026-06-16 21:03:04 info: Row(s) deleted
2026-06-16 21:03:04 info: Row(s) deleted
2026-06-16 21:03:05 info: Row(s) deleted
2026-06-16 21:03:05 info: Row(s) deleted
2026-06-16 21:03:05 info: Row(s) deleted
2026-06-16 21:03:05 info: Row(s) deleted
2026-06-16 21:03:05 info: Row(s) deleted
2026-06-16 21:03:05 info: Row(s) deleted
2026-06-16 21:03:05 info: Row(s) deleted
2026-06-16 21:03:05 info: Row(s) deleted
2026-06-16 21:03:05 info: Row(s) deleted
2026-06-16 21:03:06 info: Row(s) deleted
2026-06-16 21:03:06 info: Row(s) deleted
2026-06-16 21:03:06 info: Row(s) deleted
2026-06-16 22:00:57 info: Row(s) deleted
2026-06-16 22:00:58 info: Row(s) deleted
2026-06-16 22:00:58 info: Row(s) deleted
2026-06-16 22:00:58 info: Row(s) deleted
2026-06-16 22:00:58 info: Row(s) deleted
2026-06-16 22:00:58 info: Row(s) deleted
2026-06-16 22:00:58 info: Row(s) deleted
2026-06-16 22:00:58 info: Row(s) deleted
2026-06-16 22:00:58 info: Row(s) deleted
2026-06-16 22:00:58 info: Row(s) deleted
2026-06-16 22:00:58 info: Row(s) deleted
2026-06-16 22:00:58 info: Row(s) deleted
2026-06-16 22:00:58 info: Row(s) deleted
2026-06-16 22:00:58 info: Row(s) deleted
2026-06-16 22:00:58 info: Row(s) deleted
2026-06-16 22:00:58 info: Row(s) deleted
2026-06-16 22:00:58 info: Row(s) deleted
2026-06-16 22:00:59 info: Row(s) deleted
2026-06-16 22:00:59 info: Row(s) deleted
2026-06-16 22:00:59 info: Row(s) deleted
2026-06-16 22:50:43 info: Row(s) deleted
2026-06-16 22:50:43 info: Row(s) deleted
2026-06-16 22:50:58 info: Row(s) deleted
2026-06-16 22:50:59 info: Row(s) deleted
2026-06-16 22:50:59 info: Row(s) deleted
2026-06-16 22:50:59 info: Row(s) deleted
2026-06-16 22:50:59 info: Row(s) deleted
2026-06-16 22:50:59 info: Row(s) deleted
2026-06-16 22:50:59 info: Row(s) deleted
2026-06-16 22:50:59 info: Row(s) deleted
2026-06-16 22:50:59 info: Row(s) deleted
2026-06-16 22:50:59 info: Row(s) deleted
2026-06-16 22:50:59 info: Row(s) deleted
2026-06-16 22:50:59 info: Row(s) deleted
2026-06-16 22:50:59 info: Row(s) deleted
2026-06-16 22:50:59 info: Row(s) deleted
2026-06-16 22:50:59 info: Row(s) deleted
2026-06-16 22:50:59 info: Row(s) deleted
2026-06-16 22:50:59 info: Row(s) deleted
2026-06-16 22:50:59 info: Row(s) deleted
2026-06-16 22:50:59 info: Row(s) deleted
2026-06-16 22:50:59 info: Row(s) deleted
2026-06-16 22:50:59 info: Row(s) deleted
2026-06-16 22:50:59 info: Row(s) deleted
2026-06-16 22:50:59 info: Row(s) deleted
2026-06-16 22:50:59 info: Row(s) deleted
2026-06-16 22:50:59 info: Row(s) deleted
2026-06-16 22:50:59 info: Row(s) deleted
2026-06-16 22:50:59 info: Row(s) deleted
2026-06-16 22:50:59 info: Row(s) deleted
2026-06-16 22:50:59 info: Row(s) deleted
2026-06-16 22:50:59 info: Row(s) deleted
2026-06-16 22:50:59 info: Row(s) deleted
2026-06-16 22:50:59 info: Row(s) deleted
2026-06-16 22:50:59 info: Row(s) deleted
2026-06-16 22:50:59 info: Row(s) deleted
2026-06-16 22:50:59 info: Row(s) deleted
2026-06-16 22:50:59 info: Row(s) deleted
2026-06-16 22:50:59 info: Row(s) deleted
2026-06-16 22:50:59 info: Row(s) deleted
2026-06-16 22:51:00 info: Row(s) deleted
2026-06-16 22:51:00 info: Row(s) deleted
2026-06-16 22:51:00 info: Row(s) deleted
2026-06-16 22:51:00 info: Row(s) deleted
2026-06-16 22:51:08 info: Row(s) deleted
2026-06-16 22:57:51 info: Row(s) deleted
2026-06-16 22:58:03 info: Row(s) deleted
2026-06-16 22:58:04 info: Row(s) deleted
2026-06-16 22:58:04 info: Row(s) deleted
2026-06-16 22:58:05 info: Row(s) deleted
2026-06-16 22:58:05 info: Row(s) deleted
2026-06-16 22:58:05 info: Row(s) deleted
2026-06-16 22:58:05 info: Row(s) deleted
2026-06-16 22:58:05 info: Row(s) deleted
2026-06-16 22:58:05 info: Row(s) deleted
2026-06-16 22:58:05 info: Row(s) deleted
2026-06-16 22:58:05 info: Row(s) deleted
2026-06-16 22:58:05 info: Row(s) deleted
2026-06-16 22:58:05 info: Row(s) deleted
2026-06-16 22:58:05 info: Row(s) deleted
2026-06-16 22:58:05 info: Row(s) deleted
2026-06-16 22:58:05 info: Row(s) deleted
2026-06-16 22:58:05 info: Row(s) deleted
2026-06-16 22:58:05 info: Row(s) deleted
2026-06-16 22:58:05 info: Row(s) deleted
2026-06-16 22:58:06 info: Row(s) deleted
2026-06-16 22:58:06 info: Row(s) deleted
2026-06-16 22:58:12 info: Row(s) deleted
2026-06-16 23:22:57 info: Row(s) deleted
2026-06-16 23:23:03 info: Row(s) deleted
2026-06-16 23:23:03 info: Row(s) deleted
2026-06-16 23:23:04 info: Row(s) deleted
2026-06-16 23:23:04 info: Row(s) deleted
2026-06-16 23:23:04 info: Row(s) deleted
2026-06-16 23:23:05 info: Row(s) deleted
2026-06-16 23:23:05 info: Row(s) deleted
2026-06-16 23:23:05 info: Row(s) deleted
2026-06-16 23:23:05 info: Row(s) deleted
2026-06-16 23:23:05 info: Row(s) deleted
2026-06-16 23:23:05 info: Row(s) deleted
2026-06-16 23:23:05 info: Row(s) deleted
2026-06-16 23:23:05 info: Row(s) deleted
2026-06-16 23:23:05 info: Row(s) deleted
2026-06-16 23:23:05 info: Row(s) deleted
2026-06-16 23:23:05 info: Row(s) deleted
2026-06-16 23:23:05 info: Row(s) deleted
2026-06-16 23:23:05 info: Row(s) deleted
2026-06-16 23:23:05 info: Row(s) deleted
2026-06-16 23:23:05 info: Row(s) deleted
2026-06-16 23:23:05 info: Row(s) deleted
2026-06-16 23:23:05 info: Row(s) deleted
2026-06-16 23:23:05 info: Row(s) deleted
2026-06-16 23:23:05 info: Row(s) deleted
2026-06-16 23:23:05 info: Row(s) deleted
2026-06-16 23:23:05 info: Row(s) deleted
2026-06-16 23:23:05 info: Row(s) deleted
2026-06-16 23:23:05 info: Row(s) deleted
2026-06-16 23:23:05 info: Row(s) deleted
2026-06-16 23:23:05 info: Row(s) deleted
2026-06-16 23:23:05 info: Row(s) deleted
2026-06-16 23:23:05 info: Row(s) deleted
2026-06-16 23:23:05 info: Row(s) deleted
2026-06-16 23:23:05 info: Row(s) deleted
2026-06-16 23:23:05 info: Row(s) deleted
2026-06-16 23:23:05 info: Row(s) deleted
2026-06-16 23:23:05 info: Row(s) deleted
2026-06-16 23:23:06 info: Row(s) deleted
2026-06-16 23:23:06 info: Row(s) deleted
2026-06-16 23:23:06 info: Row(s) deleted
2026-06-16 23:42:35 info: Row(s) deleted
2026-06-16 23:42:35 info: Row(s) deleted
2026-06-16 23:42:42 info: Row(s) deleted
2026-06-16 23:42:42 info: Row(s) deleted
2026-06-16 23:42:42 info: Row(s) deleted
2026-06-16 23:42:43 info: Row(s) deleted
2026-06-16 23:42:43 info: Row(s) deleted
2026-06-16 23:42:43 info: Row(s) deleted
2026-06-16 23:42:43 info: Row(s) deleted
2026-06-16 23:42:43 info: Row(s) deleted
2026-06-16 23:42:43 info: Row(s) deleted
2026-06-16 23:42:43 info: Row(s) deleted
2026-06-16 23:42:43 info: Row(s) deleted
2026-06-16 23:42:43 info: Row(s) deleted
2026-06-16 23:42:43 info: Row(s) deleted
2026-06-16 23:42:44 info: Row(s) deleted
2026-06-16 23:42:44 info: Row(s) deleted
2026-06-16 23:42:49 info: Row(s) deleted
2026-06-17 00:06:14 info: Row(s) deleted
2026-06-17 00:06:14 info: Row(s) deleted
2026-06-17 00:06:22 info: Row(s) deleted
2026-06-17 00:06:22 info: Row(s) deleted
2026-06-17 00:06:22 info: Row(s) deleted
2026-06-17 00:06:23 info: Row(s) deleted
2026-06-17 00:06:23 info: Row(s) deleted
2026-06-17 00:06:23 info: Row(s) deleted
2026-06-17 00:06:23 info: Row(s) deleted
2026-06-17 00:06:23 info: Row(s) deleted
2026-06-17 00:06:23 info: Row(s) deleted
2026-06-17 00:06:23 info: Row(s) deleted
2026-06-17 00:06:23 info: Row(s) deleted
2026-06-17 00:06:23 info: Row(s) deleted
2026-06-17 00:06:23 info: Row(s) deleted
2026-06-17 00:06:23 info: Row(s) deleted
2026-06-17 00:06:23 info: Row(s) deleted
2026-06-17 00:06:23 info: Row(s) deleted
2026-06-17 00:06:23 info: Row(s) deleted
2026-06-17 00:06:23 info: Row(s) deleted
2026-06-17 00:06:23 info: Row(s) deleted
2026-06-17 00:06:24 info: Row(s) deleted
2026-06-17 00:06:24 info: Row(s) deleted
2026-06-17 00:06:24 info: Row(s) deleted
2026-06-17 00:06:29 info: Row(s) deleted
2026-06-17 00:20:04 info: Row(s) deleted
2026-06-17 00:20:10 info: Row(s) deleted
2026-06-17 00:20:10 info: Row(s) deleted
2026-06-17 00:20:10 info: Row(s) deleted
2026-06-17 00:20:10 info: Row(s) deleted
2026-06-17 00:20:10 info: Row(s) deleted
2026-06-17 00:20:10 info: Row(s) deleted
2026-06-17 00:20:10 info: Row(s) deleted
2026-06-17 00:20:10 info: Row(s) deleted
2026-06-17 00:20:10 info: Row(s) deleted
2026-06-17 00:20:10 info: Row(s) deleted
2026-06-17 00:20:10 info: Row(s) deleted
2026-06-17 00:20:10 info: Row(s) deleted
2026-06-17 00:20:10 info: Row(s) deleted
2026-06-17 00:20:10 info: Row(s) deleted
2026-06-17 00:20:10 info: Row(s) deleted
2026-06-17 00:20:10 info: Row(s) deleted
2026-06-17 00:20:10 info: Row(s) deleted
2026-06-17 00:20:10 info: Row(s) deleted
2026-06-17 00:20:10 info: Row(s) deleted
2026-06-17 00:20:10 info: Row(s) deleted
2026-06-17 00:20:10 info: Row(s) deleted
2026-06-17 00:20:10 info: Row(s) deleted
2026-06-17 00:20:10 info: Row(s) deleted
2026-06-17 00:20:10 info: Row(s) deleted
2026-06-17 00:20:10 info: Row(s) deleted
2026-06-17 00:20:10 info: Row(s) deleted
2026-06-17 00:20:10 info: Row(s) deleted
2026-06-17 00:20:10 info: Row(s) deleted
2026-06-17 00:20:10 info: Row(s) deleted
2026-06-17 00:20:11 info: Row(s) deleted
2026-06-17 00:20:11 info: Row(s) deleted
2026-06-17 00:20:11 info: Row(s) deleted
2026-06-17 00:20:11 info: Row(s) deleted
2026-06-17 00:20:11 info: Row(s) deleted
2026-06-17 00:20:11 info: Row(s) deleted
2026-06-17 00:20:11 info: Row(s) deleted
2026-06-17 00:20:12 info: Row(s) deleted
2026-06-17 00:20:12 info: Row(s) deleted
2026-06-17 00:23:11 info: Row(s) deleted
2026-06-17 00:23:16 info: Row(s) deleted
2026-06-17 00:23:16 info: Row(s) deleted
2026-06-17 00:23:17 info: Row(s) deleted
2026-06-17 00:23:17 info: Row(s) deleted
2026-06-17 00:23:17 info: Row(s) deleted
2026-06-17 00:23:17 info: Row(s) deleted
2026-06-17 00:23:17 info: Row(s) deleted
2026-06-17 00:23:17 info: Row(s) deleted
2026-06-17 00:23:17 info: Row(s) deleted
2026-06-17 00:23:17 info: Row(s) deleted
2026-06-17 00:23:17 info: Row(s) deleted
2026-06-17 00:23:17 info: Row(s) deleted
2026-06-17 00:23:17 info: Row(s) deleted
2026-06-17 00:23:17 info: Row(s) deleted
2026-06-17 00:23:17 info: Row(s) deleted
2026-06-17 00:23:17 info: Row(s) deleted
2026-06-17 00:23:17 info: Row(s) deleted
2026-06-17 00:23:17 info: Row(s) deleted
2026-06-17 00:23:17 info: Row(s) deleted
2026-06-17 00:23:17 info: Row(s) deleted
2026-06-17 00:23:17 info: Row(s) deleted
2026-06-17 00:23:17 info: Row(s) deleted
2026-06-17 00:23:17 info: Row(s) deleted
2026-06-17 00:23:17 info: Row(s) deleted
2026-06-17 00:23:17 info: Row(s) deleted
2026-06-17 00:23:17 info: Row(s) deleted
2026-06-17 00:23:17 info: Row(s) deleted
2026-06-17 00:23:17 info: Row(s) deleted
2026-06-17 00:23:17 info: Row(s) deleted
2026-06-17 00:23:17 info: Row(s) deleted
2026-06-17 00:23:17 info: Row(s) deleted
2026-06-17 00:23:17 info: Row(s) deleted
2026-06-17 00:23:17 info: Row(s) deleted
2026-06-17 00:23:17 info: Row(s) deleted
2026-06-17 00:23:17 info: Row(s) deleted
2026-06-17 00:23:17 info: Row(s) deleted
2026-06-17 00:23:17 info: Row(s) deleted
2026-06-17 00:23:17 info: Row(s) deleted
2026-06-17 00:23:17 info: Row(s) deleted
2026-06-17 00:23:17 info: Row(s) deleted
2026-06-17 00:23:17 info: Row(s) deleted
2026-06-17 00:23:18 info: Row(s) deleted
2026-06-17 00:23:18 info: Row(s) deleted
2026-06-17 18:52:27 info: Row(s) deleted
2026-06-17 18:52:27 info: Row(s) deleted
2026-06-17 18:52:40 info: Row(s) deleted
2026-06-17 18:52:40 info: Row(s) deleted
2026-06-17 18:52:41 info: Row(s) deleted
2026-06-17 18:52:41 info: Row(s) deleted
2026-06-17 18:52:41 info: Row(s) deleted
2026-06-17 18:52:41 info: Row(s) deleted
2026-06-17 18:52:41 info: Row(s) deleted
2026-06-17 18:52:41 info: Row(s) deleted
2026-06-17 18:52:42 info: Row(s) deleted
2026-06-17 18:52:42 info: Row(s) deleted
2026-06-17 18:52:43 info: Row(s) deleted
2026-06-17 18:52:43 info: Row(s) deleted
2026-06-17 18:52:43 info: Row(s) deleted
2026-06-17 18:52:49 info: Row(s) deleted
2026-06-22 03:09:55 info: Row(s) deleted
2026-06-22 03:09:55 info: Row(s) deleted
2026-06-22 03:10:20 info: Row(s) deleted
2026-06-22 03:10:20 info: Row(s) deleted
2026-06-22 03:10:21 info: Row(s) deleted
2026-06-22 03:10:21 info: Row(s) deleted
2026-06-22 03:10:21 info: Row(s) deleted
2026-06-22 03:10:22 info: Row(s) deleted
2026-06-22 03:10:22 info: Row(s) deleted
2026-06-22 03:10:22 info: Row(s) deleted
2026-06-22 03:10:22 info: Row(s) deleted
2026-06-22 03:10:22 info: Row(s) deleted
2026-06-22 03:10:22 info: Row(s) deleted
2026-06-22 03:10:22 info: Row(s) deleted
2026-06-22 03:10:22 info: Row(s) deleted
2026-06-22 03:10:22 info: Row(s) deleted
2026-06-22 03:10:22 info: Row(s) deleted
2026-06-22 03:10:22 info: Row(s) deleted
2026-06-22 03:10:22 info: Row(s) deleted
2026-06-22 03:10:22 info: Row(s) deleted
2026-06-22 03:10:22 info: Row(s) deleted
2026-06-22 03:10:22 info: Row(s) deleted
2026-06-22 03:10:22 info: Row(s) deleted
2026-06-22 03:10:22 info: Row(s) deleted
2026-06-22 03:10:22 info: Row(s) deleted
2026-06-22 03:10:22 info: Row(s) deleted
2026-06-22 03:10:22 info: Row(s) deleted
2026-06-22 03:10:22 info: Row(s) deleted
2026-06-22 03:10:22 info: Row(s) deleted
2026-06-22 03:10:22 info: Row(s) deleted
2026-06-22 03:10:22 info: Row(s) deleted
2026-06-22 03:10:22 info: Row(s) deleted
2026-06-22 03:10:22 info: Row(s) deleted
2026-06-22 03:10:22 info: Row(s) deleted
2026-06-22 03:10:22 info: Row(s) deleted
2026-06-22 03:10:22 info: Row(s) deleted
2026-06-22 03:10:22 info: Row(s) deleted
2026-06-22 03:10:22 info: Row(s) deleted
2026-06-22 03:10:22 info: Row(s) deleted
2026-06-22 03:10:23 info: Row(s) deleted
2026-06-22 03:10:23 info: Row(s) deleted
2026-06-22 03:10:23 info: Row(s) deleted
2026-06-22 03:10:30 info: Row(s) deleted
2026-06-22 03:18:46 info: Row(s) deleted
2026-06-22 03:18:46 info: Row(s) deleted
2026-06-22 03:18:47 info: Row(s) deleted
2026-06-22 03:18:47 info: Row(s) deleted
2026-06-22 03:18:47 info: Row(s) deleted
2026-06-22 03:18:48 info: Row(s) deleted
2026-06-22 03:18:48 info: Row(s) deleted
2026-06-22 03:18:48 info: Row(s) deleted
2026-06-22 03:18:48 info: Row(s) deleted
2026-06-22 03:18:48 info: Row(s) deleted
2026-06-22 03:18:48 info: Row(s) deleted
2026-06-22 03:18:48 info: Row(s) deleted
2026-06-22 03:18:48 info: Row(s) deleted
2026-06-22 03:18:48 info: Row(s) deleted
2026-06-22 03:18:48 info: Row(s) deleted
2026-06-22 03:18:48 info: Row(s) deleted
2026-06-22 03:18:48 info: Row(s) deleted
2026-06-22 03:18:48 info: Row(s) deleted
2026-06-22 03:18:48 info: Row(s) deleted
2026-06-22 03:18:48 info: Row(s) deleted
2026-06-22 03:18:48 info: Row(s) deleted
2026-06-22 03:18:48 info: Row(s) deleted
2026-06-22 03:18:48 info: Row(s) deleted
2026-06-22 03:18:48 info: Row(s) deleted
2026-06-22 03:18:48 info: Row(s) deleted
2026-06-22 03:18:48 info: Row(s) deleted
2026-06-22 03:18:48 info: Row(s) deleted
2026-06-22 03:18:48 info: Row(s) deleted
2026-06-22 03:18:48 info: Row(s) deleted
2026-06-22 03:18:48 info: Row(s) deleted
2026-06-22 03:18:48 info: Row(s) deleted
2026-06-22 03:18:48 info: Row(s) deleted
2026-06-22 03:18:48 info: Row(s) deleted
2026-06-22 03:18:48 info: Row(s) deleted
2026-06-22 03:18:48 info: Row(s) deleted
2026-06-22 03:18:48 info: Row(s) deleted
2026-06-22 03:18:48 info: Row(s) deleted
2026-06-22 03:18:49 info: Row(s) deleted
2026-06-22 03:18:50 info: Row(s) deleted
2026-06-22 03:18:54 info: Row(s) deleted
2026-06-24 14:35:37 info: Congratulations, your extension "Embold" is now active!
2026-06-24 14:35:37 info: ************* init ****************
2026-06-24 14:35:37 info: tempDirectory : c:\Users\Acer\.vscode\extensions\embold-vscode.embold-0.3.8\temp
2026-06-24 14:35:55 info: Extraction complete for source: c:\Users\Acer\.vscode\extensions\embold-vscode.embold-0.3.8\resources\embold-scanner-archive.zip, destination: c:\Users\Acer\.vscode\extensions\embold-vscode.embold-0.3.8\temp
2026-06-24 14:35:55 info: Extension installed on machine OS : win32
2026-06-24 14:35:55 info: Loading issues from local database on startup (checkbox unchecked)
2026-06-24 14:35:55 info: Using emboldDBDir: d:\Documents\Lesya\Rolling Scopes\summer_bootcamp_2026\shelter\shelter\.embold
2026-06-24 14:35:55 info: NO_PROXY set from VS Code http.noProxy: 
2026-06-24 14:35:55 info: NODE_TLS_REJECT_UNAUTHORIZED not set (SSL verification enabled)
2026-06-24 14:35:55 info: Using system certificates for SSL verification
2026-06-24 14:35:55 info: [STARTUP] Processing 0 total issues from database
2026-06-24 14:35:55 info: [STARTUP] Issues sorted by file path
2026-06-24 14:35:55 info: [STARTUP] Complete - Processed: 0, Skipped: 0
2026-06-24 14:35:55 info: Fetched the issues from DB
2026-06-24 14:36:03 info: Embold extension version response:{"hasSupport":false,"version":"0.2.1","changeNotes":"<div> <p>Release Date: 30 Apr, 2025 <br><span>Bug fixes and improvements.</span></p> </div>"}
2026-06-24 14:36:03 info: Current installed embold extension version : 0.3.8
2026-06-24 14:36:03 info: Latest embold extension version on marketplace : 0.2.1
2026-06-24 14:36:03 info: Current extension version: 0.3.8
2026-06-24 14:36:03 info: Stored extension version: 0.3.8
2026-06-24 14:36:03 info: No new installation or upgrade detected. Skipping plugin activation tracking.
2026-06-24 14:36:04 info: Java version installed on machine : 
java version "25.0.2" 2026-01-20 LTS
Java(TM) SE Runtime Environment (build 25.0.2+10-LTS-69)
Java HotSpot(TM) 64-Bit Server VM (build 25.0.2+10-LTS-69, mixed mode, sharing)

2026-06-24 14:36:04 info: Java installed on machine.
2026-06-24 21:26:51 info: Row(s) deleted
2026-06-24 21:26:51 info: Row(s) deleted
